ADMUnitID, Country, ADMParent, ADMName, ADMLevel,YEAR,tMEANY,tseMEANY,tFGT_0,tseFGT_0,tFGT_1,tseFGT_1,tFGT_2,tseFGT_2,tFGT_0lo,tseFGT_0lo,tGINI,tseGINI,tpoorper,tGE_0,tseGE_0,tGE_1,tseGE_1,tGE_2,tseGE_2,tATK_0_5,tseATK_0_5,tATK_2,tseATK_2,tNUMHH,tNUMHH_W,tNUMPER,tNUMPER_W,
4540002,Malawi,4540000,"Central Region",1,1998,11.460036963145,,.6389965,.054789,.2831798,.039439,.1595396,.0290909,.3654067,.0575015,,,2598377.02781,,,,,,,,,,,908943,893307,4066340,4010455,
4540153,Malawi,4540000,"Northern Region",1,1998,14.6866114062632,,.6114895,.0548981,.2521806,.0346695,.1342876,.023899,.319393,.0511581,,,754308.98762,,,,,,,,,,,243060,238482,1233560,1197146,
4540229,Malawi,4540000,"Southern Region",1,1998,11.3208436273533,,.6539569,.0468287,.2877314,.0346292,.1609403,.0254916,.3712232,.0511287,,,3030415.3479792,,,,,,,,,,,1121834,1107628,4633968,4594284,
4540003,Malawi,4540002,"Dedza District",2,1998,9.13612,.6262042,.7283342,.0272371,.337145,.0248406,.194631,.0205732,.4421718,.0356162,.3861783,.0239156,354467.1451244,.2593595,.0348439,.269966,.0401919,.4008859,.0918828,.1230534,.0160547,.4070176,.0423211,113544,112255,486682,484175,
4540013,Malawi,4540002,"Dowa District",2,1998,15.7245,6.449117,.498032,.0421455,.2103052,.0286455,.1173693,.0219089,.2617013,.0406105,.4490639,.0745881,204883.890384,.3829816,.2066279,.4612882,.5215278,5.726234,30.17094,.1763994,.0928434,.5567638,.1564023,90379,88135,411387,406294,
4540023,Malawi,4540002,"Kasungu District",2,1998,12.69601,.7534872,.5398597,.034939,.1951056,.0211635,.0940211,.0133955,.2308964,.0328752,.3556349,.0171632,259488.4235423,.2132328,.0218024,.2230665,.0255699,.3075758,.0568132,.1029026,.0103877,.3383625,.0253482,96787,95832,480659,476301,
4540040,Malawi,4540002,"Lilongwe City",2,1998,17.3854,1.2801,.44125,.03179,.16592,.01842,.08382,.01212,.19889,.0266,.45141,.01818,194357.82875,.34985,.03081,.38141,.0367,.66077,.10874,.16649,.013871,.48081,.02947,98406,96271,440471,429197,
4540088,Malawi,4540002,"Lilongwe Rural",2,1998,8.410416,.9635352,.7666203,.0442819,.3660993,.0349562,.2141541,.0277188,.4882912,.0513883,.3804289,.0366028,694472.8969467,.2504654,.0526899,.2631749,.0598905,.401298,.1380022,.119506,.0241544,.3905575,.0590996,209536,206218,905889,896313,
4540104,Malawi,4540002,"Mchinji District",2,1998,11.07339,.9056436,.62372,.0398805,.2569173,.0246705,.1360584,.0163982,.3270476,.0369646,.3706144,.0183867,202672.20052,.233296,.0247809,.2420017,.0299811,.3429035,.0884054,.1115729,.0117752,.364828,.0282908,70792,69573,324941,321153,
4540112,Malawi,4540002,"Nkhotakota District",2,1998,10.59914,1.032513,.6800457,.0435732,.2781266,.0317697,.1421407,.022456,.3626249,.0502803,.3530164,.0215567,156043.286322,.2090202,.0275246,.2271366,.0339931,.3329552,.0844087,.1025821,.0133401,.319509,.0317167,50031,49278,229460,224148,
4540121,Malawi,4540002,"Ntcheu District",2,1998,7.892203,.7427058,.7959388,.0322422,.4121821,.0301612,.2569057,.0270821,.549974,.0413076,.4023481,.0373537,295099.8816716,.2858414,.0578804,.2948401,.0636339,.4446213,.1365011,.134014,.025813,.4391164,.063481,85030,83703,370757,367549,
4540132,Malawi,4540002,"Ntchisi District",2,1998,10.5913,1.760763,.6477184,.0699779,.3160239,.0476397,.1926465,.0360829,.410545,.0643797,.424657,.0327061,108738.964992,.321953,.0578475,.3117054,.0533608,.4251035,.1131929,.1462404,.0234858,.4768704,.060131,35947,34494,167880,161138,
4540139,Malawi,4540002,"Salima District",2,1998,14.38925,1.807509,.5093199,.0558266,.194279,.028819,.0989998,.0178377,.2351549,.0406951,.4157389,.0319493,126420.3296586,.2987756,.047234,.3394708,.0705501,.6326925,.2527545,.1456515,.023961,.4287146,.0446363,58491,57548,248214,244187,
4540154,Malawi,4540153,"Chitipa District",2,1998,10.67205,1.238565,.6660382,.0454516,.2573411,.0309877,.1315854,.0217901,.3155518,.0477006,.2932335,.0206834,84452.9777218,.1535221,.0228804,.1478811,.0230852,.1763952,.0385067,.0719173,.0103478,.2696688,.0319695,25748,24927,126799,119344,
4540162,Malawi,4540153,"Karonga District",2,1998,14.77353,1.893023,.485197,.0620579,.1814635,.0375756,.091776,.0251991,.2155882,.0549824,.3861762,.0273269,94405.750684,.2585804,.0401731,.2740671,.0430761,.4354151,.1434354,.1235881,.0176117,.398607,.0514642,39880,39457,194572,188424,
4540169,Malawi,4540153,"Likoma District",2,1998,14.47622,1.856136,.524537,.0666225,.1916216,.0350416,.0936702,.0215541,.2258804,.0502937,.4166569,.029278,4235.111738,.2959687,.0423604,.3320615,.0549221,.5466857,.1697859,.1447211,.0205078,.4156853,.040709,1527,1496,8074,7713,
4540171,Malawi,4540153,"Mzimba District",2,1998,17.78781,22.13493,.6320984,.0322129,.2655471,.0174373,.1423352,.0121857,.3403985,.0252216,.4698926,.1358685,331228.4109776,.4694507,.4914232,.7661354,1.114547,17.98324,51.55908,.2163269,.1805608,.4882384,.1548437,98571,96953,524014,515155,
4540184,Malawi,4540153,"Mzuzu City",2,1998,10.5998,.78775,.63523,.034782,.26053,.019414,.13747,.013828,.33035,.029459,.36502,.025906,55252.3054,.22581,.034224,.22937,.034252,.2979,.05407,.10741,.015265,.35864,.042507,18607,18348,86980,85618,
4540201,Malawi,4540153,"Nkhata Bay District",2,1998,12.09958,.9264178,.6015119,.0399261,.2446504,.0249241,.1286333,.0171503,.3092434,.0376855,.4093457,.0227939,99105.7021559,.284508,.032746,.3101247,.0426641,.4898936,.1147228,.1375062,.0158775,.414027,.0324437,33374,32140,164761,154751,
4540216,Malawi,4540153,"Rumphi District",2,1998,11.96357,3.012334,.6658077,.0421427,.3056174,.0344744,.1747225,.0271607,.4030529,.0498983,.4557678,.0783216,85463.076372,.3717789,.1610969,.4673689,.3037424,1.766357,3.507941,.1816931,.0799,.4708929,.0909929,25353,25161,128360,126141,
4540230,Malawi,4540229,"Balaka District",2,1998,10.03769,.7860122,.6868201,.0376608,.2990351,.0267633,.1640273,.0187723,.3897523,.0405916,.3754435,.0171423,173832.7936698,.2408507,.0244577,.2555966,.0309176,.3855313,.0917578,.1158542,.0116458,.3677117,.0255318,60557,59862,253098,251941,
4540234,Malawi,4540229,"Blantyre City",2,1998,13.1409,.96162,.62866,.02449,.29031,.019607,.16663,.015075,.38395,.02894,.4982,.026628,315620.63898,.42768,.04944,.49529,.06831,1.15074,.77411,.20492,.022928,.53038,.034515,120923,118922,502053,493101,
4540261,Malawi,4540229,"Blantyre Rural",2,1998,13.64857,1.212219,.5532027,.0246541,.1984278,.0150534,.0970206,.010051,.2270801,.0237723,.4058509,.028594,170023.5306288,.2897765,.0433043,.352043,.0722717,.7725202,.400096,.1450469,.0228485,.4088108,.0335822,74860,73901,307344,305331,
4540270,Malawi,4540229,"Chikwawa District",2,1998,14.94678,1.802944,.5493118,.0306333,.2261292,.0239741,.1224279,.0180649,.2812996,.0358736,.481985,.0580225,195929.6314476,.4163327,.1105786,.569182,.2255273,2.353034,2.008644,.2087137,.0584444,.5140446,.067,79074,78028,356682,353890,
4540282,Malawi,4540229,"Chiradzulu District",2,1998,9.400112,.4706061,.6911567,.0263857,.2971336,.018672,.1622845,.0133416,.3831118,.0285242,.3522085,.0138273,163147.539035,.2112991,.01695,.2113162,.0202514,.2686506,.0426218,.1000449,.0081894,.3461225,.0199312,58529,57884,236050,234771,
4540290,Malawi,4540229,"Machinga District",2,1998,9.30177,.5577232,.7138114,.0304512,.3082473,.0223081,.1674025,.0157982,.4016451,.0343906,.3518867,.0147784,263834.6867996,.2103736,.0191597,.2211415,.0255883,.3352605,.1385923,.1015085,.0093951,.335202,.0225806,90138,89130,369614,368230,
4540304,Malawi,4540229,"Mangochi District",2,1998,9.894627,.6062508,.6957203,.0267424,.3069743,.0191036,.170031,.0139772,.4015781,.028748,.3720492,.0162613,424555.6601517,.2357861,.0221938,.2493597,.0272602,.3764766,.0819539,.1134753,.01055,.3653363,.0249812,151316,149556,610239,606570,
4540316,Malawi,4540229,"Mulanje District",2,1998,13.08132,1.037738,.6034011,.0312114,.2494664,.0180511,.1344758,.0119081,.3119289,.026376,.458742,.0286179,258449.9659542,.3694691,.0480733,.4959716,.0972275,1.901268,.910376,.1871364,.0263447,.4853169,.0337031,103973,102883,428322,425835,
4540325,Malawi,4540229,"Mwanza District",2,1998,10.34721,.8340002,.6907826,.0318738,.2985558,.0353706,.1647676,.0293066,.3810066,.0558949,.3918106,.0281389,95338.360539,.2713526,.0422679,.3024193,.0506962,.5566847,.1833861,.1313844,.0191921,.4143245,.0495525,32177,31444,138015,135304,
4540334,Malawi,4540229,"Nsanje District",2,1998,14.16043,1.264215,.4947278,.0404396,.1960392,.0233652,.1039643,.0161631,.2389138,.0332807,.4087908,.0270422,96434.3216872,.2941881,.0425526,.3125366,.0491379,.5612637,.1854389,.1391091,.0189637,.4439206,.0479732,43491,42899,194924,192999,
4540346,Malawi,4540229,"Phalombe District",2,1998,8.447702,.5478624,.7805076,.0200414,.3958223,.0253932,.242837,.0233558,.5289016,.0354842,.4336653,.0225634,181069.958124,.329112,.0362936,.4022841,.0616528,1.304227,.8043649,.1623027,.0181719,.4626425,.032912,59292,58632,231990,230207,
4540350,Malawi,4540229,"Thyolo District",2,1998,9.491651,1.343228,.7147454,.0644167,.3308213,.0413647,.1896672,.0284788,.4385847,.0619754,.3914881,.0303847,328050.9847104,.2639476,.0460599,.2822752,.0495004,.4490906,.134558,.1266018,.0202351,.3979296,.0512128,112135,110894,458976,456042,
4540364,Malawi,4540229,"Zomba Municipality",2,1998,9.528,.93519,.70148,.0427,.32203,.02726,.18385,.018922,.42439,.04054,.39194,.023647,46238.0542,.26175,.033834,.26712,.035722,.36054,.06439,.12377,.015202,.40061,.037305,14944,14656,65915,62713,
4540379,Malawi,4540229,"Zomba Rural",2,1998,11.16145,1.166063,.6609239,.0452154,.307337,.041243,.1812856,.0345724,.3955138,.0577205,.4574412,.0357743,317736.5212294,.3735097,.0651924,.4601323,.091345,1.560485,.8051286,.18224,.0291371,.5056985,.0687944,120425,118937,480746,477350,
4540004,Malawi,4540003,"Dedza Boma",3,1998,17.3363,2.3157,.4176,.06559,.15827,.03404,.08091,.021115,.19066,.04766,.42999,.028153,6434.3808,.32151,.04501,.33949,.0537,.54381,.16361,.15166,.02045,.46064,.04493,3278,3238,15408,14897,
4540005,Malawi,4540003,"SC Chauma",3,1998,7.8852,.71607,.80027,.040821,.3654,.038235,.20367,.02897,.48974,.06066,.34085,.022394,13115.62503,.19619,.02745,.21067,.03633,.30167,.08345,.09608,.013984,.31617,.03347,4009,3960,16389,16269,
4540006,Malawi,4540003,"SC Chilikumwendo",3,1998,8.8448,.4585,.72454,.030221,.29672,.022115,.15418,.01595,.38059,.03536,.3165,.015824,33533.16028,.16761,.01765,.16936,.01805,.20717,.02766,.08065,.008153,.28478,.02615,11165,11035,46282,46216,
4540007,Malawi,4540003,"SC Kamenya Gwaza",3,1998,7.547134,1.116695,.8039513,.0513127,.4300063,.0457367,.2740375,.0387655,.5748067,.0647958,.4068316,.0434004,19069.724836,.292219,.0695497,.2979565,.0723256,.4337182,.1518997,.136379,.0301192,.4374335,.0736043,5097,5034,23720,23650,
4540008,Malawi,4540003,"TA Kachindamoto",3,1998,8.728041,.6368732,.7455576,.0362187,.322716,.0281594,.1742759,.0201801,.4236903,.0446854,.3308077,.0174085,50766.5080992,.1852068,.020447,.190427,.0233296,.2502414,.0465931,.0892323,.0097784,.3058868,.0262328,16041,15748,68092,67471,
4540009,Malawi,4540003,"TA Kaphuka",3,1998,10.14018,.6852616,.6618182,.0320601,.2797031,.0218841,.151532,.0162658,.357337,.0323394,.3682994,.0242503,68578.9255204,.232995,.0333793,.2386931,.0368644,.327166,.0729823,.1107378,.01535,.3716654,.0414233,24253,24000,103622,103337,
4540010,Malawi,4540003,"TA Kasumbu",3,1998,8.050157,1.216587,.793164,.0542561,.4196036,.0539781,.2658813,.0453342,.559321,.0771057,.4387696,.0391561,44508.39786,.340388,.0649505,.3683846,.0747076,.6304449,.1773979,.1609177,.0290083,.4831886,.0630437,12841,12699,56115,55733,
4540011,Malawi,4540003,"TA Pemba",3,1998,9.328351,.5706492,.7168762,.0248742,.321904,.0223429,.1815602,.0184511,.4197964,.0328221,.3821291,.0255091,75517.8895366,.2531112,.0365281,.2658804,.0432653,.396761,.0999237,.1207611,.0170687,.3965734,.0450753,24681,24472,105343,105048,
4540012,Malawi,4540003,"TA Tambala",3,1998,7.454931,1.24145,.8281606,.0489611,.4495217,.0624789,.2870944,.0562506,.6073508,.0854042,.4295093,.037272,42825.0127866,.3217127,.0594289,.3606766,.0748412,.6337525,.1867705,.1552736,.0279704,.4570136,.0599458,12179,12069,51711,51554,
4540014,Malawi,4540013,"Dowa Boma",3,1998,16.3048,2.837,.45896,.08268,.17695,.0461,.09167,.029342,.21525,.06753,.4331,.040455,2062.10728,.32944,.06597,.35982,.08829,.61637,.28204,.15713,.031394,.46015,.05706,844,838,4493,4214,
4540015,Malawi,4540013,"Mponela Urban",3,1998,16.3955,2.1805,.45404,.06416,.17514,.03473,.09069,.021701,.21209,.04885,.43503,.034055,4470.47784,.33025,.05549,.35526,.07201,.59944,.24335,.15653,.025934,.46601,.04991,1964,1954,9846,9623,
4540016,Malawi,4540013,"SC Chakhaza",3,1998,15.2775,1.999184,.4249143,.0633346,.1520628,.0290862,.0746877,.0165832,.1766888,.0393757,.3741228,.0245566,39862.4852259,.2419167,.0349777,.2434739,.0364931,.3267809,.0749997,.1138612,.0155676,.3852339,.0429492,19951,19795,93813,93530,
4540017,Malawi,4540013,"SC Kayembe",3,1998,22.23417,2.832067,.2376418,.0449403,.0768538,.0183741,.0355145,.0100604,.0837387,.0240204,.3773604,.0253125,14611.1684312,.2480373,.0361841,.2454905,.0387062,.3375529,.2131489,.1156717,.0160641,.3967879,.0445674,13256,12538,61484,60937,
4540018,Malawi,4540013,"SC Mkukula",3,1998,11.1202,1.154,.61562,.07212,.27707,.05622,.15944,.04229,.35588,.08054,.40826,.04483,32334.82488,.29334,.07035,.29892,.08674,.44164,.2241,.13681,.03274,.43689,.06286,12196,12120,52524,52200,
4540019,Malawi,4540013,"SC Mponela",3,1998,12.0189,1.27,.55953,.06476,.23077,.04063,.12501,.02811,.28864,.05852,.38133,.02861,14208.14529,.25366,.04216,.24959,.03966,.32008,.0618,.11798,.01794,.40136,.05174,5695,5371,25393,25263,
4540020,Malawi,4540013,"TA Chiwere",3,1998,15.23355,25.23215,.7179332,.0677142,.3533153,.0623192,.2161527,.0527511,.4610935,.0863555,.4702402,.1326238,44348.8875636,.5028523,.4733342,.5335163,.5644811,1.455286,2.602965,.2074138,.1555879,.5869762,.2047285,14427,13935,61773,60670,
4540021,Malawi,4540013,"TA Dzoole",3,1998,19.8337,19.665,.40876,.04906,.14933,.02418,.07448,.015,.17613,.03424,.42507,.09439,22032.98152,.35649,.3375,.5004,.7888,7.63594,32.9293,.16638,.12552,.52902,.19622,11384,11127,53902,52690,
4540022,Malawi,4540013,"TA Msakambewa",3,1998,11.1338,1.267,.64572,.045,.30767,.04137,.18569,.03694,.39496,.05645,.44862,.05849,31097.22948,.36597,.11212,.37486,.11519,.60508,.2823,.16749,.04588,.50375,.10069,10662,10457,48159,47167,
4540024,Malawi,4540023,"Kasungu Boma",3,1998,23.2297,3.7074,.27796,.06785,.09073,.02728,.04189,.014513,.09949,.03456,.43027,.032816,7714.50184,.31961,.05262,.34482,.06961,.56968,.2254,.15224,.024951,.45258,.04746,5841,5753,27754,26401,
4540025,Malawi,4540023,"Kasungu National Park",3,1998,34.4113,9.88208,.08339,.066706,.02493,.024227,.01118,.012847,.02675,.032577,.29219,.039176,32.10515,.1771,.046256,.16187,.040991,.17541,.0506,.08089,.019854,.31764,.071485,98,98,385,351,
4540026,Malawi,4540023,"SC Chilowamatambe",3,1998,11.3464,.58947,.58869,.037525,.21493,.022264,.10364,.013927,.25634,.034306,.34121,.015085,17776.08324,.19413,.017592,.20182,.020098,.26242,.03606,.09409,.008472,.31494,.022108,5995,5963,30196,30038,
4540027,Malawi,4540023,"SC Chisikwa",3,1998,12.4215,.87655,.51907,.054628,.16828,.025484,.07432,.014203,.18219,.037797,.32132,.015235,2406.40852,.17307,.016989,.18185,.0196,.23454,.03624,.08473,.008233,.28402,.023404,851,845,4636,4621,
4540028,Malawi,4540023,"SC Kawamba",3,1998,10.0346,.8253,.66081,.053453,.25469,.035411,.12694,.022918,.31538,.056279,.32889,.013943,26787.25497,.18028,.015724,.18687,.017111,.23952,.02839,.08751,.007452,.29801,.02097,7858,7768,40537,40230,
4540029,Malawi,4540023,"SC Lukwa",3,1998,11.148,.62113,.59731,.034833,.21904,.022081,.10619,.0141,.26103,.035894,.33798,.014887,15767.19207,.19104,.017236,.19739,.019609,.25369,.03484,.09237,.008285,.31293,.021752,5666,5645,26397,26279,
4540030,Malawi,4540023,"SC M'nyanja",3,1998,14.3844,.5912,.42186,.023271,.13324,.011105,.05919,.006606,.13997,.017487,.3369,.014794,8161.30356,.19148,.017388,.19545,.018394,.24873,.03062,.09199,.008075,.31825,.023847,3408,3367,19346,19224,
4540031,Malawi,4540023,"SC Njombwa",3,1998,12.21658,.9832501,.5962593,.0457058,.225156,.0289564,.1111869,.0188157,.2751111,.0449789,.3892466,.0358608,14631.6069627,.2571698,.0494584,.3004552,.0772152,.5341071,.2390307,.1286069,.026515,.3704558,.0440168,5184,5134,24539,24269,
4540032,Malawi,4540023,"SC Simlemba",3,1998,13.7547,.76068,.43335,.036458,.13222,.015926,.05662,.008553,.13567,.022587,.31746,.015419,10071.48735,.16812,.016912,.17211,.018112,.21371,.02892,.08139,.007991,.28308,.023266,4305,4265,23241,23024,
4540033,Malawi,4540023,"TA Chulu",3,1998,15.01997,.7540533,.3750359,.0311903,.1141939,.0140507,.0497914,.0077259,.1162316,.0196372,.3242895,.0137588,16249.1804393,.1778718,.0154748,.178859,.016472,.2194774,.0263957,.0851397,.0072549,.302654,.0214754,7861,7790,43327,42952,
4540034,Malawi,4540023,"TA Kaluluma",3,1998,14.96316,.9059268,.4235484,.0286064,.1373939,.0133902,.0622295,.0079237,.1487996,.0204455,.3582775,.0192489,12631.4839332,.2167677,.0239867,.2253516,.0276058,.3022387,.0529015,.1043822,.0114401,.3453504,.0284609,5768,5682,29823,29665,
4540035,Malawi,4540023,"TA Kaomba",3,1998,12.551,.67019,.52622,.032756,.19175,.01718,.09368,.010517,.22664,.025317,.35524,.01493,16809.04546,.21318,.018421,.21525,.019125,.27228,.03055,.10149,.008434,.34616,.023051,6623,6554,31943,31873,
4540036,Malawi,4540023,"TA Kapelula",3,1998,10.15834,1.139369,.6559818,.0694605,.2493127,.0441531,.1228325,.027899,.3070153,.0689705,.3213669,.0152332,14343.6980388,.1725881,.0170973,.1794546,.0187643,.2302759,.0334167,.0840402,.0081185,.2860363,.0229614,4535,4491,21866,21813,
4540037,Malawi,4540023,"TA Mwase",3,1998,11.7787,.64978,.55567,.037346,.19693,.02134,.09348,.013207,.23026,.033641,.33451,.015351,10097.07957,.18748,.017867,.19179,.019289,.24189,.03182,.09032,.008404,.30973,.023148,4009,3977,18171,18137,
4540038,Malawi,4540023,"TA Santhe",3,1998,11.11379,1.029898,.6077034,.0538371,.2269603,.031378,.111449,.0193687,.2745208,.0478975,.3369101,.0159953,39223.6082496,.1916776,.0194439,.1981331,.0220595,.2622491,.047565,.0924536,.0091755,.3132419,.0240784,13007,12876,64544,63937,
4540039,Malawi,4540023,"TA Wimbe",3,1998,10.91811,.8946636,.6281221,.0466079,.2395603,.0305163,.1184725,.0197692,.2953392,.0486501,.3400886,.0160827,46452.1417834,.1933592,.0193873,.2012688,.021452,.263046,.0385374,.0937082,.0091282,.3122235,.0236212,15778,15624,73954,73487,
4540041,Malawi,4540040,"Area 1",3,1998,17.2041,1.601,.43474,.04276,.15702,.02498,.07632,.01596,.18504,.03775,.43359,.02175,4748.23028,.32059,.03498,.34464,.04065,.53923,.10276,.15305,.015836,.45029,.03456,2201,2180,10922,10746,
4540042,Malawi,4540040,"Area 10",3,1998,37.0573,4.3996,.20557,.02564,.07494,.01239,.03769,.00798,.0887,.01853,.51132,.03217,819.60759,.47975,.06697,.50116,.07208,.88992,.20724,.21714,.027222,.59905,.04888,956,935,3987,3955,
4540043,Malawi,4540040,"Area 11",3,1998,34.4689,6.4013,.13927,.05158,.04498,.02059,.02199,.01173,.04515,.02387,.41521,.0386,149.71525,.32081,.05973,.33724,.08452,.56574,.2737,.14984,.029194,.47974,.05923,315,315,1075,985,
4540044,Malawi,4540040,"Area 12",3,1998,32.0579,3.9359,.1725,.04367,.05316,.01616,.02329,.00827,.05475,.021,.455,.02659,453.5025,.36462,.04486,.4053,.0633,.74657,.26709,.17408,.021379,.4912,.03934,517,510,2629,2621,
4540045,Malawi,4540040,"Area 13",3,1998,8.678,9.6376,.75,.43519,.41552,.32615,.27797,.27728,.56,.49889,,,27.75,0,0,0,0,0,0,0,0,0,0,3,1,37,2,
4540046,Malawi,4540040,"Area 14",3,1998,28.6729,7.5584,.26232,.06454,.09456,.02939,.04748,.01784,.10723,.04287,.46103,.04687,225.85752,.41008,.09576,.41904,.12966,.65525,.41025,.1866,.04335,.54843,.06317,175,168,861,856,
4540047,Malawi,4540040,"Area 15",3,1998,24.1859,4.6277,.34087,.09415,.16476,.06927,.10248,.05362,.2095,.09061,.47727,.04796,638.10864,.46558,.12414,.4118,.09148,.55764,.16571,.19569,.041856,.61609,.09247,278,274,1872,1773,
4540048,Malawi,4540040,"Area 18",3,1998,20.8677,2.3758,.30314,.05035,.09796,.02292,.04458,.01281,.10704,.03117,.41139,.02336,3236.62578,.28958,.03536,.3054,.04046,.45008,.09346,.13798,.01616,.42388,.03779,1767,1759,10677,10632,
4540049,Malawi,4540040,"Area 2",3,1998,33.9161,5.5261,.14713,.03922,.05045,.01704,.02437,.00998,.0578,.02355,.41521,.02239,408.13862,.31537,.03586,.30651,.0355,.41502,.06738,.14354,.015145,.48079,.04052,540,532,2774,2159,
4540050,Malawi,4540040,"Area 21",3,1998,16.842,1.2731,.42503,.03495,.15035,.01829,.07265,.01124,.17348,.02676,.42093,.01742,15009.50942,.30165,.02677,.32462,.03119,.51025,.07749,.14448,.012245,.43658,.02824,7746,7618,35314,34720,
4540051,Malawi,4540040,"Area 22",3,1998,13.9926,1.1338,.53575,.03825,.21734,.02534,.11578,.01832,.27088,.03674,.43434,.01985,10512.4865,.32467,.03331,.3464,.03685,.54674,.09494,.15407,.014578,.46067,.03574,3979,3809,19622,18570,
4540052,Malawi,4540040,"Area 23",3,1998,16.9566,1.3908,.43471,.03697,.15645,.01994,.07645,.01255,.18282,.0288,.43156,.01823,14634.07744,.31723,.02884,.34556,.03512,.57149,.11536,.15217,.013279,.44817,.02897,7000,6878,33664,33270,
4540053,Malawi,4540040,"Area 24",3,1998,15.9352,1.7488,.45979,.05132,.17099,.02777,.08545,.01737,.20413,.03966,.42368,.01981,6254.06358,.3064,.03113,.32529,.0346,.492,.08024,.1459,.013925,.44112,.03149,3250,3204,13602,13297,
4540054,Malawi,4540040,"Area 25",3,1998,17.493,1.3308,.42691,.03186,.15722,.01811,.07804,.01175,.18635,.02623,.44242,.01983,16705.84212,.33535,.03236,.3659,.0403,.62417,.13512,.16018,.014948,.46635,.03058,8184,7989,39132,38549,
4540055,Malawi,4540040,"Area 26",3,1998,14.7588,2.609,.51614,.07968,.23229,.05217,.13565,.03811,.29398,.0707,.45506,.02175,2008.81688,.37377,.04208,.37102,.0418,.54185,.09648,.16977,.017042,.52409,.04122,1008,984,3892,3777,
4540056,Malawi,4540040,"Area 27",3,1998,11.6374,2.4447,.6364,.09392,.28568,.06835,.16224,.04982,.36792,.0981,.4241,.02498,912.5976,.31468,.04035,.3267,.042,.46374,.09286,.14839,.017351,.44884,.04325,378,369,1434,1393,
4540057,Malawi,4540040,"Area 28",3,1998,15.3865,2.9389,.52667,.09199,.21995,.0574,.11952,.0416,.26794,.08697,.43118,.04472,169.06107,.3757,.0798,.42543,.13651,.91562,.77463,.17901,.039429,.49524,.06678,61,61,321,321,
4540058,Malawi,4540040,"Area 29",3,1998,9.675,2.0961,.71643,.08823,.33683,.07684,.19215,.05966,.45688,.12518,.38305,.03519,471.41094,.27255,.0498,.29152,.05454,.41122,.10355,.13161,.022622,.39355,.05584,114,104,658,574,
4540059,Malawi,4540040,"Area 3",3,1998,32.0764,3.0907,.17421,.03193,.05161,.01344,.02239,.00725,.05251,.01842,.4535,.02982,811.47018,.35916,.05073,.38849,.05976,.65832,.1684,.1699,.022664,.48824,.04444,1094,1087,4658,4609,
4540060,Malawi,4540040,"Area 30",3,1998,14.1203,2.0777,.48651,.07911,.17398,.04555,.08263,.02888,.20678,.0696,.37466,.0262,1417.69014,.23953,.03522,.2589,.04399,.37807,.10703,.1168,.017109,.36014,.03847,486,476,2914,2869,
4540061,Malawi,4540040,"Area 32",3,1998,14.1899,3.1542,.55905,.07393,.23952,.04962,.12731,.03667,.31973,.08295,.39721,.05501,138.08535,.33948,.0922,.35813,.11454,.52592,.25866,.16017,.042848,.45485,.07504,48,46,247,221,
4540062,Malawi,4540040,"Area 33",3,1998,20.1982,3.9698,.27668,.08804,.08746,.03831,.03897,.02144,.09459,.05163,.35786,.04005,536.20584,.23835,.05439,.25303,.07971,.37561,.22831,.11471,.028225,.36794,.05419,151,151,1938,868,
4540063,Malawi,4540040,"Area 35",3,1998,14.8413,2.2544,.44521,.08602,.14993,.04811,.06937,.03025,.16732,.07053,.36528,.023,2304.40696,.22595,.0289,.24132,.03461,.34355,.07724,.10987,.013929,.34963,.03455,859,856,5176,4992,
4540064,Malawi,4540040,"Area 36",3,1998,14.519,1.5588,.51172,.05265,.19199,.03088,.09642,.01993,.22989,.04475,.41986,.021,8271.44208,.29923,.03246,.32618,.03813,.51232,.0954,.14434,.014867,.42862,.03401,4013,3960,16164,15977,
4540065,Malawi,4540040,"Area 38",3,1998,20.8395,3.3858,.32535,.07382,.11775,.03627,.05832,.02215,.13946,.04985,.42312,.02386,842.98185,.31499,.04001,.32028,.0425,.45307,.09125,.14678,.017269,.45872,.03964,626,623,2591,2577,
4540066,Malawi,4540040,"Area 39",3,1998,13.1761,1.9358,.57461,.06938,.23371,.04382,.12174,.02916,.29886,.06746,.42272,.02141,2232.93446,.30275,.03234,.32818,.03864,.50195,.09332,.14586,.015018,.42797,.03279,1081,1058,3886,3821,
4540067,Malawi,4540040,"Area 4",3,1998,14.0145,10.1759,.50286,.37024,.16126,.16772,.07106,.10036,.18429,.29305,,,21.12012,.05646,.06849,.04559,.0476,.04022,.04053,.02469,.027031,.111,.12771,2,2,42,7,
4540068,Malawi,4540040,"Area 43",3,1998,31.7304,4.2015,.16862,.04328,.05531,.01715,.02638,.00972,.05959,.02436,.43412,.03185,278.39162,.34223,.05184,.36324,.06746,.6122,.20989,.16033,.024273,.4939,.05154,391,385,1651,1644,
4540069,Malawi,4540040,"Area 44",3,1998,13.4841,1.4924,.55047,.05066,.22615,.03242,.12147,.02287,.28145,.04696,.42661,.01989,7267.85541,.31399,.0322,.32713,.03381,.48161,.07171,.14795,.013941,.45485,.03493,3205,2769,13203,12765,
4540070,Malawi,4540040,"Area 45",3,1998,13.3774,2.1525,.55307,.07554,.22984,.04583,.11959,.03202,.30957,.07492,.38566,.0437,228.97098,.29331,.06349,.30543,.07538,.4164,.15252,.13947,.029891,.41373,.06092,61,61,414,414,
4540071,Malawi,4540040,"Area 46",3,1998,18.4325,2.574,.3943,.05443,.14888,.02717,.07528,.01741,.18059,.03999,.42918,.02765,884.8092,.32656,.04838,.33586,.05047,.50239,.13388,.15234,.020368,.4677,.04634,500,494,2244,2244,
4540072,Malawi,4540040,"Area 47",3,1998,36.9063,4.7446,.13643,.03101,.04203,.01148,.01901,.00614,.04355,.01433,.44884,.02582,749.95571,.35721,.04345,.37304,.05006,.59344,.13013,.16635,.019321,.50063,.04063,1098,1070,5497,5396,
4540073,Malawi,4540040,"Area 49",3,1998,24.8099,2.7048,.30208,.03419,.10916,.01704,.05407,.0104,.12718,.02393,.46711,.02159,4078.38208,.38669,.0393,.39806,.04569,.63501,.13998,.17795,.017155,.52772,.0342,2728,2693,13501,13418,
4540074,Malawi,4540040,"Area 5",3,1998,21.04,5.4883,.31107,.10321,.11065,.04663,.05354,.02913,.12537,.07543,.32693,.0657,69.99075,.28926,.10267,.2851,.11771,.37321,.21599,.13312,.047275,.42578,.09805,34,32,225,177,
4540075,Malawi,4540040,"Area 50",3,1998,11.8564,1.288,.62839,.05092,.26666,.03701,.14393,.0267,.34156,.05603,.42437,.02105,5138.97342,.30546,.03314,.33244,.03695,.51749,.08636,.14719,.014812,.43236,.03533,2016,1965,8178,7924,
4540076,Malawi,4540040,"Area 51",3,1998,13.7717,1.4426,.50217,.06105,.18051,.03335,.08823,.02052,.20939,.04799,.38497,.01639,7280.96283,.25211,.02232,.27377,.02681,.4155,.06493,.12252,.010542,.38357,.02697,4411,4374,14499,14403,
4540077,Malawi,4540040,"Area 52",3,1998,15.9128,2.8456,.51346,.07116,.22981,.04683,.13179,.03328,.29573,.06412,.47702,.02743,1459.76678,.40839,.05212,.4179,.06599,.65196,.2408,.18687,.023154,.54066,.04224,652,643,2843,2783,
4540078,Malawi,4540040,"Area 53",3,1998,19.1348,1.4674,.37586,.03153,.13913,.01639,.06962,.01053,.16593,.02368,.43312,.01671,4490.39942,.32699,.02792,.32907,.02887,.46273,.06203,.1514,.01196,.47406,.02982,2534,2501,11947,11755,
4540079,Malawi,4540040,"Area 54",3,1998,14.7326,2.7092,.52791,.08067,.21335,.05084,.1119,.03404,.26933,.07584,.43783,.02213,1831.31979,.32774,.03696,.34817,.04008,.5188,.09061,.15575,.016128,.45506,.03792,898,892,3469,3454,
4540080,Malawi,4540040,"Area 55",3,1998,15.5799,2.2999,.50169,.0665,.20646,.04158,.11097,.02823,.2587,.06032,.44982,.01958,5451.86523,.35048,.03439,.36066,.03392,.52758,.06888,.1632,.014335,.48822,.03533,2687,2638,10867,10636,
4540081,Malawi,4540040,"Area 56",3,1998,13.9806,1.4264,.52709,.05206,.20099,.03009,.10163,.01933,.24354,.04366,.41509,.01716,11790.47621,.29181,.0255,.31694,.02977,.49047,.06847,.14081,.01178,.42189,.02696,5698,5626,22369,22029,
4540082,Malawi,4540040,"Area 57",3,1998,15.4091,1.5156,.46444,.05023,.17121,.02681,.08566,.01672,.20188,.03715,.41534,.01755,16112.35248,.29466,.02699,.31634,.03016,.48803,.06925,.14118,.012127,.43053,.02875,8244,8092,34692,34215,
4540083,Malawi,4540040,"Area 58",3,1998,18.1385,1.8255,.42506,.04127,.16523,.0231,.08637,.01527,.20001,.03231,.45757,.02028,7180.53858,.36606,.03587,.38636,.04335,.63316,.14544,.17107,.015983,.50476,.03429,3800,3743,16893,16468,
4540084,Malawi,4540040,"Area 6",3,1998,11.8542,1.8256,.58756,.08259,.23428,.05618,.12013,.0398,.30032,.09332,.34617,.03888,802.0194,.23577,.04925,.2421,.05741,.31564,.10975,.11256,.023414,.36309,.05949,66,66,1365,401,
4540085,Malawi,4540040,"Area 7",3,1998,16.1797,1.4032,.46172,.03273,.17452,.01874,.08786,.01248,.21163,.02709,.43363,.02095,14630.05992,.32174,.03384,.34313,.03909,.53579,.09434,.15287,.015294,.45587,.03376,7005,6815,31686,30694,
4540086,Malawi,4540040,"Area 8",3,1998,16.7163,1.6987,.44733,.04171,.16439,.02349,.08071,.01502,.19683,.03443,.43412,.02305,10427.2623,.32064,.03681,.34955,.04803,.57583,.15879,.1538,.017457,.44876,.0345,5116,5041,23310,22714,
4540087,Malawi,4540040,"Area 9",3,1998,34.8941,6.7462,.15325,.04931,.05123,.02011,.02447,.01115,.05716,.02592,.45071,.03885,234.31925,.36848,.06645,.40622,.10562,.76024,.4879,.17427,.033151,.50464,.05401,430,422,1529,1522,
4540089,Malawi,4540088,"SC Chitekwele",3,1998,8.5829,1.1279,.75002,.07088,.32072,.05817,.17151,.04168,.41969,.09282,.32628,.018723,20063.035,.17814,.020836,.18745,.02293,.25224,.04112,.08696,.009909,.29314,.02742,6632,6573,26750,26655,
4540090,Malawi,4540088,"SC Mtema",3,1998,7.276385,.8379658,.8291177,.0492947,.3949119,.0451603,.227523,.034996,.5336293,.0701598,.3218134,.019251,29559.7042404,.1775606,.0227343,.1781687,.0228833,.223391,.0399066,.0847189,.0102662,.3027296,.033468,7648,7599,35652,35252,
4540091,Malawi,4540088,"SC Njewa",3,1998,8.6492,1.41881,.75338,.074,.3537,.06484,.20455,.04994,.47059,.0977,.37833,.022676,16607.50872,.2445,.0312,.26037,.03511,.3873,.08276,.11789,.014272,.37937,.03827,4891,4852,22044,22002,
4540092,Malawi,4540088,"SC Tsabango",3,1998,6.1482,.82526,.87073,.03796,.47628,.05758,.31022,.05689,.63258,.07553,.37625,.037031,17089.81771,.28171,.087329,.24814,.05018,.31133,.07236,.12158,.027144,.47318,.1533,4885,4517,19627,18207,
4540093,Malawi,4540088,"TA Chadza",3,1998,7.697595,.9353255,.80642,.0494779,.3905518,.050185,.2288237,.040621,.5269136,.0756164,.3566379,.02403,64432.958,.2175208,.0311961,.2330949,.0453497,.3650708,.1796525,.1055143,.0159075,.345311,.0364501,19173,18991,79900,79455,
4540094,Malawi,4540088,"TA Chimutu",3,1998,6.142862,1.068459,.8791058,.0525241,.4753717,.0694557,.30066,.0617714,.6480133,.0983187,.3453469,.021971,56470.2401688,.2067596,.0312133,.2062988,.0286441,.2683116,.0558105,.0975826,.013068,.3475236,.0524546,15403,14387,64236,60407,
4540095,Malawi,4540088,"TA Chiseka",3,1998,10.54766,2.677332,.6631379,.1046025,.3042732,.0590625,.17517,.0388966,.3978057,.0850247,.3953868,.0466284,115033.2052372,.2777503,.0776327,.279028,.0699177,.4027426,.1248801,.1289794,.0315333,.4223918,.0842252,40371,40000,173468,172852,
4540096,Malawi,4540088,"TA Chitukula",3,1998,7.0382,.85199,.83925,.05161,.40128,.05176,.2306,.04042,.54672,.082,.31822,.018271,18379.575,.17063,.020315,.17322,.02088,.21597,.03223,.08214,.009401,.29004,.02917,4824,4781,21900,21878,
4540097,Malawi,4540088,"TA Kabudula",3,1998,7.74727,.892368,.8028405,.051192,.3733439,.0489932,.2120887,.0379191,.5004867,.0770309,.3344975,.0195396,64653.5483055,.1912841,.024265,.198603,.0267483,.2746668,.0601933,.0922241,.0112027,.3174636,.0352557,17435,17324,80531,80135,
4540098,Malawi,4540088,"TA Kalolo",3,1998,9.939981,1.935664,.6913771,.0905069,.3034642,.0599812,.1673144,.0409722,.3969146,.0894809,.3726295,.0321177,72552.4214969,.2378472,.0451604,.2536334,.0491922,.3923125,.1280674,.1146887,.0203601,.3672809,.0508464,23457,23240,104939,104033,
4540099,Malawi,4540088,"TA Kalumba",3,1998,8.338029,1.954031,.7674962,.0994945,.3761449,.0921466,.225186,.0734138,.5006681,.1343228,.3740676,.0285806,13614.6150918,.2422344,.0404671,.2526907,.0428065,.3654425,.097105,.1156559,.0179788,.3778986,.0509737,4289,4248,17739,17612,
4540100,Malawi,4540088,"TA Kalumbu",3,1998,5.8888,.7686,.88982,.03395,.49067,.05776,.31445,.0559,.66869,.07646,.356,.027456,39613.89658,.21708,.036643,.22253,.03725,.30624,.07595,.10355,.016263,.35009,.04939,11321,11231,44519,44392,
4540101,Malawi,4540088,"TA Khongoni",3,1998,8.450733,.9610342,.7588425,.056108,.3419917,.046678,.1912705,.0346517,.4514858,.072583,.3477501,.0256229,57763.8499425,.2066526,.0321553,.2164939,.0384161,.3107051,.0871313,.0996722,.0154748,.3363053,.0381619,15954,15627,76121,75733,
4540102,Malawi,4540088,"TA Malili",3,1998,8.7876,1.44355,.74167,.0807,.33375,.06569,.18703,.04818,.43974,.10043,.35864,.021983,47055.25315,.21952,.028104,.23541,.03936,.36498,.14593,.10656,.014118,.34985,.03501,14895,14781,63445,63278,
4540103,Malawi,4540088,"TA Mazengera",3,1998,7.14515,.8532488,.828207,.043694,.4190252,.0515342,.2539042,.0444749,.5661877,.0752955,.3583322,.0244567,62130.432726,.2196114,.0319258,.2268602,.0328892,.3183927,.0707379,.105056,.014313,.3520191,.0420579,18358,18067,75018,74422,
4540105,Malawi,4540104,"Mchinji Boma",3,1998,22.099,3.6393,.33272,.06902,.11548,.03189,.05545,.01838,.13211,.04341,.4567,.04181,3817.29656,.36311,.07299,.40492,.10392,.77068,.44795,.17335,.034987,.48504,.05562,2632,2563,11473,10955,
4540106,Malawi,4540104,"SC Dambe",3,1998,10.84408,.8418183,.6271748,.0395548,.259605,.0272353,.1382906,.0191247,.3310105,.0409638,.374804,.0250538,22085.3334072,.2390076,.0338342,.24959,.0441787,.3646821,.1759406,.1145057,.0165308,.3712366,.03655,7993,7832,35214,34779,
4540107,Malawi,4540104,"SC Mavwere",3,1998,9.731292,1.422461,.6776437,.0789618,.2881786,.0537234,.1553377,.0364585,.3729496,.0808951,.351719,.0159557,46216.6556274,.2084367,.0200326,.2135477,.02436,.2846456,.0710105,.0998727,.0096531,.3363383,.0246395,15006,14775,68202,67643,
4540108,Malawi,4540104,"SC Mduwa",3,1998,9.8048,.80589,.67316,.04249,.28243,.028798,.15104,.019775,.36266,.04438,.35516,.018812,39287.63708,.21297,.023639,.21776,.027218,.28478,.05211,.10188,.011271,.34304,.028356,12070,11846,58363,57475,
4540109,Malawi,4540104,"TA Mkanda",3,1998,12.53357,2.33939,.5397406,.1091675,.210335,.0627561,.1080222,.0393281,.2592364,.0907967,.3616376,.0163002,33169.2188324,.2221023,.0214389,.2253444,.0232534,.2962063,.0476396,.1056192,.0098345,.3561549,.0268491,13949,13776,61454,61014,
4540110,Malawi,4540104,"TA Mlonyeni",3,1998,10.26897,1.292466,.6488104,.0702212,.2661301,.0460351,.1400289,.0302516,.3387018,.0695779,.3494172,.0158775,17635.3154824,.2063498,.0197733,.2111362,.0228538,.2762565,.0491132,.0988957,.0093925,.3340617,.0247688,5659,5568,27181,26931,
4540111,Malawi,4540104,"TA Zulu",3,1998,10.80824,.9739198,.6401621,.0438166,.2644563,.0275296,.1399448,.0182987,.3377982,.0417831,.3653582,.0189196,40364.7810534,.2268183,.0252041,.2372569,.0324101,.3394752,.1134124,.1090053,.0122816,.3554303,.0288907,13483,13213,63054,62356,
4540113,Malawi,4540112,"Nkhotakota Boma",3,1998,19.6808,3.5004,.36413,.09444,.13288,.04521,.0665,.026532,.15636,.0606,.43567,.032147,7013.87206,.32995,.05286,.3559,.06687,.60477,.2255,.1566,.024424,.46482,.04951,4228,4196,19262,18739,
4540114,Malawi,4540112,"Nkhotakota Game Reserve",3,1998,4.6863,2.30637,.95412,.11959,.5688,.18487,.3803,.18103,.78373,.27274,.01819,.057274,83.96256,.07223,.039094,.07127,.038518,.07577,.04518,.03513,.018526,.13153,.064307,17,11,88,51,
4540115,Malawi,4540112,"SC Kafuzila",3,1998,8.296129,1.148054,.7902401,.0514801,.3712497,.0497923,.2069575,.0393167,.5167817,.0791329,.3211552,.0236719,9478.9299995,.1762095,.02833,.1888936,.031302,.2587656,.062159,.08662,.0132399,.2795601,.0373106,2812,2577,11995,10370,
4540116,Malawi,4540112,"SC Mphonde",3,1998,9.4849,.50523,.71387,.03183,.2663,.02193,.12589,.01441,.32671,.03876,.30981,.017836,13397.19829,.15751,.018962,.17181,.023572,.23196,.04943,.07874,.009583,.25506,.024927,4111,4081,18767,18680,
4540117,Malawi,4540112,"SC Mwansambo",3,1998,8.268092,2.428233,.7833715,.1326128,.3640285,.1240034,.2046008,.094239,.4963698,.1987791,.317265,.0186227,13253.079037,.1675525,.0211068,.1866839,.0308673,.2703945,.084577,.0841611,.0113174,.2656444,.0244016,3589,3544,16918,16577,
4540118,Malawi,4540112,"TA Kanyenda",3,1998,11.45458,1.525942,.6313273,.062799,.2572066,.0406337,.1319756,.0270376,.3348671,.0630394,.3707863,.0252535,47306.6172436,.2300094,.0342453,.2462726,.0413643,.3548555,.0993573,.1117593,.01628,.3463705,.037348,15647,15423,74932,73415,
4540119,Malawi,4540112,"TA Malenga Chanzi",3,1998,10.1858,.40965,.66251,.02555,.24025,.0149,.11263,.01006,.28803,.02505,.31863,.016096,27494.82751,.16662,.017732,.17946,.020536,.24013,.03882,.08263,.008644,.2697,.024046,9401,9333,41501,41238,
4540120,Malawi,4540112,"TA Mwadzama",3,1998,7.664365,.5918109,.8290837,.0318019,.3587931,.0325669,.1857136,.0246118,.4915891,.0572896,.2858337,.0131383,38135.3629489,.1344741,.0128501,.1445238,.0145713,.1861752,.0254341,.0671092,.0062963,.2236908,.0182666,10226,10113,45997,45078,
4540122,Malawi,4540121,"Ntcheu Boma",3,1998,21.6241,3.2202,.32376,.06982,.11269,.03218,.05451,.018501,.12828,.0428,.44284,.035482,2843.58408,.34145,.05832,.36875,.07741,.60794,.23388,.16198,.027655,.4734,.04885,1883,1823,8783,7978,
4540123,Malawi,4540121,"SC Champiti",3,1998,7.2032,.8821,.82054,.043101,.43735,.039761,.2774,.03593,.58597,.05532,.40317,.047181,11146.21536,.28669,.07598,.29301,.07702,.42433,.14796,.13406,.032599,.42857,.08181,3183,3011,13584,13540,
4540124,Malawi,4540121,"SC Goodson Ganya",3,1998,8.317655,.5694254,.7771413,.0272676,.360359,.0238853,.2047197,.0194253,.4818955,.0358064,.3528497,.0235401,59900.4971214,.2128045,.0302613,.2242296,.0360554,.3223503,.0803721,.1027671,.0145077,.3423439,.0385061,18576,18275,77078,76810,
4540125,Malawi,4540121,"SC Makwangwala",3,1998,7.890692,.8276512,.7861469,.041843,.389265,.0356609,.2340753,.0296327,.5205852,.0518652,.3811753,.0383203,52152.1991991,.2516177,.055337,.2584673,.059766,.3648427,.115887,.1190833,.024971,.390164,.062248,15159,14945,66339,65677,
4540126,Malawi,4540121,"TA Chakhumbira",3,1998,8.257813,.7344243,.7826077,.0371147,.3578331,.0293269,.2003945,.0223764,.4802091,.0457367,.3331537,.0235844,16970.8479745,.1891081,.0284045,.1956678,.0333066,.2621425,.0738218,.0911852,.0136125,.3081783,.0358186,4944,4884,21685,21577,
4540127,Malawi,4540121,"TA Kwataine",3,1998,8.3812,1.46672,.76598,.058794,.40612,.046433,.25951,.04018,.53642,.06458,.43718,.059718,27055.94556,.34687,.1093,.3474,.10294,.51544,.18664,.15814,.044175,.48994,.10437,8093,8011,35322,35234,
4540128,Malawi,4540121,"TA Masasa",3,1998,6.4895,.40672,.87844,.023006,.43405,.029238,.25298,.02497,.60115,.04611,.31304,.020235,15448.24584,.16514,.02272,.17204,.02853,.22643,.06002,.08043,.011445,.27835,.03051,4014,3964,17586,17543,
4540129,Malawi,4540121,"TA Mpando",3,1998,5.203173,.9913828,.8981846,.0296185,.5988657,.0588686,.442079,.0668184,.7772392,.0555654,.4846014,.0448574,33479.830965,.416222,.0839212,.4588324,.0925626,.8296704,.2218296,.1954454,.0357643,.5399857,.0692418,7868,7702,37275,36571,
4540130,Malawi,4540121,"TA Njolomole",3,1998,8.240571,1.083807,.7793383,.0442174,.3952661,.0375129,.2424108,.0326418,.5281279,.0525173,.4081643,.0514309,35745.9098061,.2931616,.082323,.3071749,.0883808,.4695141,.1806707,.1382444,.0361459,.4304614,.0850033,10269,10149,45867,45659,
4540131,Malawi,4540121,"TA Phambala",3,1998,6.808467,.7365131,.8478407,.0320128,.4649985,.0397012,.2980628,.0371,.6310322,.0532972,.4023114,.0344862,40050.2989866,.2795106,.0512136,.3033599,.0598649,.4930622,.1417605,.1344683,.0236245,.4153543,.0548236,11041,10939,47238,46960,
4540133,Malawi,4540132,"Ntchisi Boma",3,1998,18.1348,2.8165,.39383,.07438,.14151,.03557,.06945,.021001,.16525,.04895,.42459,.034187,2273.58059,.31361,.05417,.33973,.06837,.57067,.23115,.14977,.025178,.44553,.05109,1084,1060,5773,5333,
4540134,Malawi,4540132,"SC Chilooko",3,1998,14.77829,2.943467,.4508797,.0953604,.1718409,.045057,.0882154,.0261828,.2072048,.061072,.3748326,.0263185,21436.1735771,.2462448,.0384076,.2406275,.0383012,.3135135,.0974163,.114221,.0166555,.3976161,.0471456,10182,10087,47543,47381,
4540135,Malawi,4540132,"SC Nthondo",3,1998,12.9024,2.326,.5004,.10031,.18752,.04856,.09515,.02837,.223,.06674,.3466,.02748,8558.3412,.20987,.03561,.20463,.0356,.25351,.0614,.09807,.01585,.35279,.04681,3680,3661,17103,16994,
4540136,Malawi,4540132,"TA Chikho",3,1998,4.6983,.958,.9316,.03603,.58402,.07688,.40745,.08272,.78659,.08721,.36699,.04769,18229.5488,.22889,.06369,.2419,.07476,.34245,.1544,.1105,.03027,.34936,.06498,4290,3682,19568,16195,
4540137,Malawi,4540132,"TA Kalumo",3,1998,8.597652,1.488911,.7407435,.0725326,.3663287,.0538012,.2224267,.0405968,.4834404,.0769824,.3927521,.0327765,49628.333013,.2707288,.0512425,.2653469,.0478452,.3450159,.0770675,.1251501,.0214998,.4207898,.0578494,14144,13604,66998,65245,
4540138,Malawi,4540132,"TA Kasakula",3,1998,5.34787,1.012444,.8996909,.0414508,.5485498,.066708,.3768881,.0672489,.7391934,.0785198,.3667107,.0335932,9802.1323555,.2286435,.0437066,.2363206,.0489439,.3133873,.0884475,.109603,.020484,.354831,.0486566,2567,2400,10895,9990,
4540140,Malawi,4540139,"Chipoka Urban",3,1998,16.8502,3.3414,.43535,.10104,.16653,.05339,.0859,.033199,.20153,.0741,.42319,.031784,1735.3051,.31309,.05202,.3299,.06504,.52786,.31796,.14786,.023592,.45022,.05128,951,945,3986,3924,
4540141,Malawi,4540139,"Lake Malawi Natl. Park - Salima",3,1998,9.7256,3.25946,.66871,.2216,.25396,.13595,.1245,.085144,.3095,.22676,.20876,.056059,124.38006,.10931,.04798,.10945,.04769,.12363,.06021,.05302,.022513,.19082,.074817,55,39,186,139,
4540143,Malawi,4540139,"SC Kambalame",3,1998,12.74398,2.41967,.5111637,.1051108,.1874087,.053755,.0921301,.0323646,.2239377,.0761826,.3392302,.0302853,5413.223583,.1975717,.0348045,.1964981,.0352482,.2450196,.0558106,.0936198,.015924,.3264599,.0457868,2619,2613,10590,10555,
4540144,Malawi,4540139,"SC Kambwiri",3,1998,13.4435,1.34148,.47967,.0501,.17561,.02742,.08781,.017562,.20595,.03934,.35853,.026416,9649.52139,.22407,.03325,.22172,.0343,.2876,.05971,.10497,.015035,.37288,.044963,4636,4555,20117,19901,
4540145,Malawi,4540139,"SC Msosa",3,1998,13.3892,2.85028,.47718,.12737,.17325,.06246,.08624,.037125,.2026,.08689,.34012,.031066,2108.18124,.20503,.03828,.21091,.04508,.32372,.15722,.09753,.017864,.34772,.054369,1211,1181,4418,4262,
4540146,Malawi,4540139,"SC Mwanza",3,1998,14.8399,2.00481,.42698,.07053,.15275,.03651,.07524,.022242,.17738,.05253,.36079,.034982,5383.79082,.22778,.04388,.22328,.04327,.28399,.06868,.10622,.019563,.37591,.057005,2871,2836,12609,12517,
4540142,Malawi,4540139,"Salima Town",3,1998,19.8233,2.7557,.36071,.05998,.13123,.0282,.06537,.016477,.15391,.03855,.43841,.030049,7342.25205,.33497,.05001,.3554,.06157,.57888,.19191,.15781,.022794,.47306,.04651,4526,4464,20355,19864,
4540147,Malawi,4540139,"TA Karonga",3,1998,10.82902,.5182023,.6115511,.0293251,.2387683,.0182613,.1227412,.0133007,.2933771,.0273645,.3503376,.019565,25989.6986478,.2110671,.0249057,.2213037,.030452,.3333214,.1003066,.1015852,.0118289,.343887,.0345414,9484,9318,42498,41534,
4540148,Malawi,4540139,"TA Khombedza",3,1998,12.91446,1.563749,.5058993,.0603269,.1849493,.0311042,.0912164,.0191205,.219151,.0446974,.3529732,.0258547,23152.4814645,.213315,.0315466,.2146257,.0328844,.2792162,.0542692,.1011372,.0144772,.3491584,.0405448,11269,11137,45765,45335,
4540149,Malawi,4540139,"TA Kuluunda",3,1998,11.7939,2.40416,.59185,.10377,.24271,.061,.13052,.039683,.30159,.0884,.38224,.02707,5546.8182,.25557,.03631,.26927,.04391,.42992,.14876,.1218,.016931,.39993,.044857,2261,2218,9372,9103,
4540150,Malawi,4540139,"TA Maganga",3,1998,15.3443,2.62436,.58919,.07158,.24318,.046,.12986,.031167,.30686,.06892,.50635,.054261,21027.01272,.446,.10265,.53509,.14394,1.07498,.42368,.21671,.048739,.52573,.066396,7958,7856,35688,35041,
4540151,Malawi,4540139,"TA Ndindi",3,1998,16.6213,3.0378,.48662,.06491,.18524,.02996,.09419,.017283,.22458,.04171,.46452,.050671,13231.1978,.37593,.08691,.44863,.13213,.91191,.45232,.18406,.043269,.4831,.064447,6710,6581,27190,26691,
4540152,Malawi,4540139,"TA Pemba",3,1998,18.5128,5.05234,.37384,.12532,.13347,.05928,.06572,.034395,.15484,.0809,.40353,.040989,5772.0896,.28474,.05783,.3062,.073,.49744,.20488,.13609,.02741,.42372,.060456,3940,3805,15440,15321,
4540155,Malawi,4540154,"Chitipa Boma",3,1998,38.398,12.5609,.15084,.1021,.047,.03799,.02122,.019271,.04988,.04566,.44821,.04379,1151.81424,.35259,.07524,.37018,.08989,.57357,.21613,.16496,.033989,.48439,.06085,1549,1390,7636,6597,
4540156,Malawi,4540154,"Nyika National Park - Chitipa",3,1998,14.9041,4.25385,.34286,.27799,.10746,.13242,.05015,.083525,.1119,.1983,,,7.20006,.11279,.10583,.10819,.095692,.116,.11164,.053103,.045964,.18141,.13,6,6,21,21,
4540157,Malawi,4540154,"TA Kameme",3,1998,8.7436,.70281,.71156,.05719,.27299,.04301,.13789,.03044,.33329,.06899,.27616,.021374,10259.98364,.13158,.02085,.12521,.019226,.1362,.02271,.062058,.009381,.24188,.034,3099,3039,14419,13867,
4540158,Malawi,4540154,"TA Mwabulambya",3,1998,8.5287,.30824,.72763,.02572,.27846,.02158,.14006,.016394,.34049,.03615,.27066,.015575,35976.21009,.12596,.01518,.11894,.013674,.12738,.01572,.059284,.006768,.23461,.02567,10000,9779,49443,47253,
4540159,Malawi,4540154,"TA Mwenemisuku",3,1998,9.861463,1.34873,.6313303,.0955108,.2262239,.0572111,.1142908,.0377177,.2613767,.0844904,.2561948,.0341764,14501.656991,.1231658,.0306595,.1116422,.0289204,.1170957,.0365155,.0566372,.0139805,.237974,.0481708,4819,4764,22970,22490,
4540160,Malawi,4540154,"TA Mwenewenya",3,1998,8.974527,.6996349,.7254963,.0340193,.3063785,.0251762,.1634117,.0187448,.3992732,.0399372,.3025804,.0181648,9903.024495,.1566903,.0200771,.1521074,.0199187,.1739905,.0315414,.0741755,.0091079,.2733739,.0286727,2700,2524,13650,12026,
4540161,Malawi,4540154,"TA Nthalire",3,1998,9.71647,1.063273,.6619245,.0588149,.2740211,.0410331,.146114,.0290596,.3473912,.0624454,.3134493,.023241,12351.51117,.170168,.0253096,.1632657,.0256743,.1885172,.0425646,.0798142,.0116438,.2970568,.0356816,3575,3425,18660,17090,
4540163,Malawi,4540162,"Karonga Town",3,1998,24.4933,5.7494,.25685,.10145,.08511,.04172,.03982,.02237,.0942,.05271,.41734,.028097,7143.25535,.30114,.04402,.31222,.04779,.46265,.1163,.14179,.019464,.44199,.04698,5612,5557,27811,26986,
4540164,Malawi,4540162,"SC Mwakaboko",3,1998,15.10918,2.048421,.4465041,.0705807,.1569974,.038735,.0760321,.0247238,.1791141,.0563116,.3754169,.0277286,6865.8935457,.2436512,.0394696,.2634121,.0480093,.4357034,.1876656,.117832,.0181808,.3772741,.0512461,3645,3610,15377,14856,
4540165,Malawi,4540162,"SC Mwirang'ombe",3,1998,12.83403,1.333507,.5341516,.0613305,.202975,.040516,.1036572,.0280855,.2432546,.061095,.3760106,.0287431,10763.6888916,.2454699,.041258,.2604325,.043789,.4105187,.143842,.1177298,.0180638,.3843015,.0549021,4066,4016,20151,19402,
4540166,Malawi,4540162,"TA Kilupula",3,1998,13.36392,1.419004,.5096427,.0604113,.187095,.0382667,.0930866,.0258284,.2199059,.0574982,.3695916,.027247,24179.9979015,.2356617,.0379855,.2504325,.0389636,.389248,.1206275,.1134202,.0165599,.3724309,.0520191,10024,9939,47445,46169,
4540167,Malawi,4540162,"TA Kyungu",3,1998,12.81951,1.143318,.5272908,.0560178,.1979481,.0367898,.1005972,.0255286,.2345197,.0553331,.3740821,.0265847,24288.5961204,.2430412,.0381126,.2570514,.0397971,.3986167,.1099897,.1164394,.0166035,.3847272,.0522648,9554,9463,46063,44860,
4540168,Malawi,4540162,"TA Wasambo",3,1998,12.64603,1.492987,.5618308,.0619553,.2242368,.0429128,.1180378,.0306177,.277326,.0639206,.3914624,.0301667,21195.06693,.2660084,.0450728,.2880508,.0560196,.5006683,.2931296,.1279182,.0206016,.4040744,.0545149,6979,6872,37725,36151,
4540170,Malawi,4540169,"TA Mkumpha",3,1998,14.47622,1.856136,.524537,.0666225,.1916216,.0350416,.0936702,.0215541,.2258804,.0502937,.4166569,.029278,4235.111738,.2959687,.0423604,.3320615,.0549221,.5466857,.1697859,.1447211,.0205078,.4156853,.040709,1527,1496,8074,7713,
4540172,Malawi,4540171,"Mzimba Boma",3,1998,19.1627,2.6888,.36942,.07074,.1312,.03319,.06386,.019176,.15313,.04573,.43024,.027719,5076.56964,.31932,.04411,.34372,.0579,.55964,.19671,.1521,.020821,.45265,.04181,2779,2747,13742,13109,
4540173,Malawi,4540171,"SC Jaravikuba Munthali",3,1998,11.67588,1.628871,.6110512,.065627,.246406,.0406608,.1280279,.0267367,.3107497,.0612287,.3864884,.0305117,6302.3820768,.25423,.0421649,.2754595,.0597134,.4304371,.200914,.1233794,.0213055,.3784948,.0414618,2066,2060,10314,10255,
4540174,Malawi,4540171,"SC Kampingo Sibande",3,1998,31.3617,64.70764,.5490213,.0594005,.2141211,.0326792,.1096232,.0213505,.2640715,.0451485,.4825389,.164836,21065.947281,.558189,.6878525,.8313715,1.146468,10.43054,24.42695,.2370889,.2144466,.5080664,.1828602,7426,7264,38370,37437,
4540175,Malawi,4540171,"SC Khosolo Gwaza Jere",3,1998,7.803,.775,.79525,.04995,.35702,.04183,.1976,.03116,.4737,.06592,.32265,.01912,20712.28625,.17568,.02171,.17912,.02205,.2262,.0347,.08464,.00995,.29493,.03029,5013,4987,26045,25926,
4540176,Malawi,4540171,"TA Chindi",3,1998,8.733949,.5185104,.7561787,.0268646,.3272587,.0211046,.1776839,.0160644,.4247781,.0335481,.3471059,.0197101,71269.842475,.205437,.023977,.2204506,.0319562,.3293136,.0936568,.1001893,.0120714,.3300142,.0287987,18451,18122,94250,93049,
4540178,Malawi,4540171,"TA M'Mbelwa",3,1998,16.39541,3.333619,.4519777,.0843302,.1667146,.0381209,.0825176,.0211646,.1989902,.0512661,.4166466,.0312968,38630.534019,.2967812,.0480269,.3100209,.0525463,.4518067,.1139125,.1405867,.0215169,.4312148,.0486302,14486,14329,85470,84410,
4540177,Malawi,4540171,"TA Mabulabo",3,1998,9.542528,.9289946,.7152288,.044523,.3084122,.0337065,.1672801,.0244909,.4006595,.0521075,.361863,.0229154,32832.578064,.2218535,.0292203,.2388056,.0354936,.3530527,.0871176,.1081373,.0140911,.3464054,.034263,8250,8205,45905,45493,
4540179,Malawi,4540171,"TA Mpherembe",3,1998,8.814728,.9203854,.7528461,.0419176,.3486479,.0366477,.1971396,.028166,.4693902,.0562868,.3724735,.0270933,28166.2311393,.233456,.0363968,.2630744,.0636376,.4916568,.3913348,.1153554,.0200223,.351801,.035343,7785,7715,37413,36961,
4540180,Malawi,4540171,"TA Mtwalo",3,1998,18.62271,27.89322,.6612835,.0426517,.2855028,.0285992,.1555303,.0204512,.3715239,.041624,.4700995,.147398,65619.161705,.4872556,.539933,.7500437,1.040456,11.65024,32.84686,.2194948,.189721,.4870805,.1668707,19888,19765,99230,98364,
4540181,Malawi,4540171,"TA Mzikubola",3,1998,49.54923,129.3276,.5336379,.0702544,.205718,.039829,.1050998,.0256138,.2505932,.0562368,.5088672,.1783157,26526.6063711,.6675527,.8600993,.9003251,1.133643,7.334759,14.69241,.2654152,.2353903,.5441138,.1938651,8285,7682,49709,47110,
4540182,Malawi,4540171,"TA Mzukuzuku",3,1998,11.88773,1.504635,.6235212,.0391565,.2638237,.0234071,.1431403,.016596,.3370264,.034601,.4136637,.0437899,14461.9507128,.29651,.0671869,.3347545,.1093487,.63316,.4975529,.1440937,.0351111,.4227538,.0555382,4065,4003,23194,22680,
4540183,Malawi,4540171,"Vwaza Marsh Reserve - Mzimba",3,1998,66.041,118.057,.39803,.39447,.22713,.28549,.15883,.23569,.28609,.35948,.33941,.052,148.06716,.2323,.06395,.22551,.06046,.2695,.0876,.1082,.0281,.36306,.08022,77,74,372,361,
4540185,Malawi,4540184,"Chasefu Ward",3,1998,13.3343,1.42842,.48078,.065981,.15487,.034567,.06918,.02023,.16544,.056639,.32643,.029696,767.32488,.1863,.0343,.19265,.036854,.24523,.06163,.0902,.016039,.30389,.044075,275,275,1596,1549,
4540186,Malawi,4540184,"Chibanja Ward",3,1998,11.0625,.87807,.60011,.041881,.23266,.022168,.11795,.014421,.28608,.033303,.34619,.023436,3864.7084,.20419,.02854,.20331,.028566,.24865,.04207,.09681,.012908,.33533,.037363,1490,1483,6440,6416,
4540187,Malawi,4540184,"Chiputula Ward",3,1998,12.0027,1.47899,.56404,.059895,.21207,.028338,.10478,.016303,.25773,.041398,.35554,.028769,8949.62268,.2136,.036635,.21807,.037277,.28135,.05853,.10215,.01657,.34097,.046017,3617,3587,15867,15867,
4540188,Malawi,4540184,"Jombo Ward",3,1998,11.8714,1.20595,.55626,.056907,.19424,.033657,.09119,.021033,.21863,.058183,.32198,.029135,741.49458,.18278,.033173,.18441,.034857,.22383,.054,.08765,.015456,.30195,.043981,244,243,1333,1161,
4540189,Malawi,4540184,"Kaning'ina Ward",3,1998,11.6724,1.20749,.56954,.066465,.20169,.038992,.09628,.024626,.23338,.060934,.33151,.026727,2107.86754,.18776,.030437,.19255,.032536,.24324,.05272,.09053,.014271,.30819,.040062,646,627,3701,3612,
4540190,Malawi,4540184,"Katawa Ward",3,1998,14.5583,1.52132,.4322,.051906,.14806,.021028,.06975,.011929,.16917,.030028,.34945,.024584,1243.0072,.21145,.03102,.21005,.031521,.25821,.0498,.09996,.014014,.34458,.04,610,603,2876,2838,
4540191,Malawi,4540184,"Katoto Ward",3,1998,10.8101,.97317,.62498,.047719,.25162,.030725,.13072,.021316,.31651,.04911,.35965,.024407,2449.9216,.22178,.03191,.22737,.03255,.29599,.05359,.10608,.014343,.35166,.040922,715,712,3920,3670,
4540192,Malawi,4540184,"Lupaso Ward",3,1998,8.2167,.59841,.7693,.031901,.35849,.030425,.20419,.02516,.48099,.046085,.35981,.024179,7757.6212,.21794,.030929,.22518,.032505,.29543,.05464,.10475,.014153,.34402,.037846,2169,2145,10084,10011,
4540193,Malawi,4540184,"Masasa Ward",3,1998,13.5997,1.6445,.46931,.072266,.1582,.036411,.07358,.021847,.17471,.054157,.33208,.03068,551.43925,.19797,.037061,.20139,.040637,.25556,.07209,.09479,.017345,.32296,.049082,235,235,1175,1175,
4540194,Malawi,4540184,"Mchengautuwa Ward",3,1998,10.9504,.99867,.61298,.049347,.23852,.025631,.12059,.016029,.29596,.038515,.35043,.024743,9876.33376,.207,.030865,.21179,.031203,.27263,.04922,.09926,.013946,.33307,.040036,3742,3716,16112,16090,
4540195,Malawi,4540184,"Msongwe Ward",3,1998,7.2492,.64279,.82352,.04084,.40318,.038741,.23602,.03232,.55128,.061726,.33776,.028531,1268.2208,.20037,.034735,.20805,.038165,.27074,.06953,.09689,.01628,.32022,.044102,268,252,1540,1382,
4540196,Malawi,4540184,"Muzilawayingwe Ward",3,1998,10.843,.91195,.61908,.046664,.2368,.025616,.11878,.016814,.29092,.041832,.34221,.02794,1720.42332,.20237,.033638,.21066,.041747,.28797,.11728,.09766,.016411,.32674,.040232,603,581,2779,2754,
4540197,Malawi,4540184,"New Airport Site",3,1998,6.8085,.66092,.84665,.04137,.42142,.040007,.24936,.033753,.5781,.05931,.32982,.025195,3160.54445,.18642,.029127,.18812,.029193,.23213,.0429,.08924,.013257,.30978,.039464,731,706,3733,3518,
4540198,Malawi,4540184,"Nkhorongo Ward",3,1998,6.29,.72331,.87169,.035042,.46393,.046577,.287,.04291,.64356,.066172,.34263,.024772,2078.98065,.20112,.029951,.20732,.032497,.26336,.05589,.09703,.013978,.32197,.038509,465,418,2385,2288,
4540199,Malawi,4540184,"Viphya Ward",3,1998,8.8784,.60714,.72706,.035399,.31398,.02238,.16973,.016455,.4114,.035968,.34086,.025266,4909.10912,.19678,.03076,.20005,.031264,.25179,.04898,.09432,.013979,.32084,.040023,1427,1412,6752,6620,
4540200,Malawi,4540184,"Zolozolo Ward",3,1998,11.5631,.98985,.58107,.043749,.22,.021545,.10954,.013268,.26835,.03289,.35188,.024432,3885.61509,.21049,.030395,.21466,.030959,.27556,.04949,.10068,.013768,.33909,.039263,1370,1353,6687,6667,
4540202,Malawi,4540201,"Nkhata Bay Boma",3,1998,15.3847,2.532,.51956,.08418,.2104,.04988,.1119,.032744,.26206,.07244,.46043,.041394,4901.00948,.3682,.07139,.42188,.10442,.81889,.39708,.1777,.034701,.484,.05592,1935,1927,9433,8693,
4540203,Malawi,4540201,"SC Fukamalaza",3,1998,10.7123,.77062,.65341,.040146,.27295,.026965,.14619,.019371,.3487,.04174,.38841,.020902,5140.37647,.25847,.028154,.27619,.03438,.40435,.07539,.12466,.013444,.3919,.032304,1271,1195,7867,6923,
4540204,Malawi,4540201,"SC Malanda",3,1998,12.27944,1.360914,.5780788,.0571068,.2333356,.0330895,.1230869,.0219327,.2915829,.0487615,.396329,.0244749,9692.6472396,.2712689,.0353357,.2882891,.0430024,.4370672,.1128612,.1298637,.0165444,.4071391,.038098,3215,3152,16767,16206,
4540205,Malawi,4540201,"SC Mkondowe",3,1998,11.3939,1.59393,.59915,.083299,.21485,.043235,.10162,.025657,.25724,.06402,.33328,.03882,1004.77455,.19351,.044966,.21198,.05871,.30351,.1242,.09578,.022931,.30306,.052369,331,328,1677,1655,
4540206,Malawi,4540201,"SC Mkumbira",3,1998,12.4094,1.19316,.5915,.054258,.23493,.03503,.12103,.023766,.29726,.05271,.40661,.028081,4526.7495,.28028,.039301,.30735,.04901,.47278,.10977,.13622,.018935,.40519,.039526,1588,1489,7653,7022,
4540207,Malawi,4540201,"SC Nyaluwanga",3,1998,13.66711,1.425697,.4995512,.0593704,.1870106,.0317543,.0949046,.0210327,.2223007,.0452405,.3795229,.0262272,2617.1487368,.2543446,.0356147,.2656162,.0436095,.3767447,.0960747,.1213637,.0170155,.3932882,.0413432,962,942,5239,5094,
4540208,Malawi,4540201,"SC Zilakoma",3,1998,13.263,1.0823,.57177,.035016,.23762,.021153,.12737,.015134,.30285,.03267,.43575,.026319,5848.63533,.32615,.040157,.34661,.05118,.52774,.1252,.15473,.019108,.45965,.037432,2198,2095,10229,9572,
4540209,Malawi,4540201,"TA Boghoyo",3,1998,10.5978,1.95744,.69725,.080145,.29887,.061252,.15986,.042981,.3869,.10197,.39285,.053089,807.4155,.2752,.076448,.31318,.11266,.53317,.36944,.13545,.038942,.38961,.068485,245,234,1158,1089,
4540210,Malawi,4540201,"TA Fukamapiri",3,1998,11.5385,.77997,.6295,.034008,.26122,.022265,.13859,.015791,.33359,.03402,.40791,.020451,7105.1665,.28187,.028327,.30445,.03659,.45771,.08537,.13607,.013859,.41181,.028592,2225,2131,11287,10525,
4540211,Malawi,4540201,"TA Kabunduli",3,1998,12.03448,.6783324,.5930829,.0318436,.2362945,.0196259,.1224431,.0135515,.2950895,.0307532,.3963368,.0197206,17869.587777,.2666184,.0267891,.2849843,.033476,.420523,.075556,.128443,.0129655,.3992736,.0280313,6718,6546,30130,28756,
4540212,Malawi,4540201,"TA Malenga Mzoma",3,1998,11.817,1.17879,.6112,.049589,.25093,.030383,.1326,.02094,.32036,.04593,.40447,.028861,5159.1392,.27922,.041179,.30323,.05428,.46775,.13945,.13496,.020198,.40836,.040083,1622,1548,8441,7874,
4540213,Malawi,4540201,"TA Mankhambira",3,1998,11.2715,1.0068,.65703,.041265,.28149,.031442,.1511,.022803,.36971,.04949,.42049,.026095,11247.03954,.29738,.037829,.33212,.04955,.5382,.12873,.14518,.018436,.41785,.035942,3474,3249,17118,15437,
4540214,Malawi,4540201,"TA Musisya",3,1998,10.7741,1.322034,.6452257,.0672224,.2660842,.045252,.1421348,.0317236,.3346362,.0670291,.3754137,.0260385,8291.7954707,.2417165,.0343891,.2584529,.0413369,.3780218,.1092486,.1169944,.0163743,.3710951,.0396875,2332,2278,12851,12423,
4540215,Malawi,4540201,"TA Timbiri",3,1998,12.0524,.78876,.60057,.03541,.23979,.021445,.12393,.014793,.30187,.03294,.40278,.021795,14960.79927,.27354,.030323,.29875,.03785,.45657,.08574,.13291,.014608,.39985,.031812,5258,5026,24911,23482,
4540217,Malawi,4540216,"Nyika National Park - Rumphi",3,1998,35.062,85.094,.70951,.34244,.51653,.34427,.42386,.33395,.60693,.38499,.51158,.17112,366.10716,.60126,.46285,.76846,.63068,2.4003,3.1753,.27227,.17973,.53798,.19339,111,99,516,368,
4540218,Malawi,4540216,"Rumphi Boma",3,1998,17.3278,2.0684,.43409,.06779,.15955,.03494,.0793,.021206,.18954,.04902,.44202,.034553,6107.21221,.33604,.05619,.37452,.07947,.65457,.26326,.16183,.0274,.4599,.04753,2896,2881,14069,13608,
4540219,Malawi,4540216,"SC Chapinduka",3,1998,12.228,2.06,.59453,.08123,.24915,.05158,.13148,.03459,.324,.07701,.39977,.03539,1420.33217,.27514,.05199,.29569,.07668,.4582,.2579,.13253,.02657,.39832,.04543,427,425,2389,2371,
4540220,Malawi,4540216,"SC Kachulu",3,1998,12.242,1.821,.57443,.07526,.21645,.03674,.10806,.02154,.26129,.0519,.37203,.03447,3853.85087,.23711,.04514,.25672,.06107,.3962,.1925,.11531,.02263,.36223,.0465,1290,1287,6709,6695,
4540221,Malawi,4540216,"SC Mwahenga",3,1998,9.66923,1.664491,.7266375,.0609873,.3253204,.044545,.1795426,.0310714,.4339638,.0692926,.3811069,.0478367,7137.033525,.2491371,.0682961,.2924856,.1171027,.5675343,.4974405,.1244962,.0374296,.3596994,.0559569,2011,2006,9822,9776,
4540222,Malawi,4540216,"SC Mwalweni",3,1998,17.56324,9.965689,.5339277,.0900531,.2108217,.0476769,.1101532,.0308306,.2582543,.0650727,.4617364,.1127178,8654.4340893,.4137663,.2739344,.4744288,.3534656,1.049656,1.265991,.1912137,.1122626,.4866801,.1340272,3138,3111,16209,16053,
4540223,Malawi,4540216,"SC Mwankhunikira",3,1998,13.484,9.911,.71407,.05497,.3468,.04974,.20667,.04155,.46052,.06742,.49271,.12829,9427.86621,.48201,.35265,.5557,.44389,1.3501,1.725,.21815,.13677,.52192,.14699,2635,2592,13203,13025,
4540224,Malawi,4540216,"TA Chikulamayembe",3,1998,9.382415,1.379725,.7256174,.0618867,.3346465,.0497153,.1898188,.0365097,.4466405,.0752034,.3861476,.0287087,33022.847874,.2512494,.0393633,.2760804,.0575654,.4489235,.2121851,.1226871,.0202605,.374063,.0386561,9170,9139,45510,45033,
4540225,Malawi,4540216,"TA Katumbi",3,1998,8.888178,1.712944,.7631364,.0629685,.3852527,.0586247,.2298243,.0477487,.534411,.0894237,.4088974,.0590205,7025.4336984,.2876269,.0907133,.3273069,.1124687,.5394172,.2550764,.141453,.0428169,.3920394,.0744801,1872,1866,9206,9077,
4540226,Malawi,4540216,"TA Mwamlowe",3,1998,11.252,3.179,.72228,.04825,.39482,.04093,.25319,.03951,.53462,.05282,.51713,.09109,5313.09168,.49786,.21049,.51886,.19856,.8718,.4278,.22391,.08,.55712,.12654,1188,1147,7356,6891,
4540227,Malawi,4540216,"TA Zolokere",3,1998,5.191,1.181,.92469,.05001,.54427,.08247,.35773,.07808,.76179,.11145,.32723,.02404,2918.32164,.18098,.02812,.20133,.04506,.3129,.1656,.09038,.01542,.28574,.03247,583,577,3156,3063,
4540228,Malawi,4540216,"Vwaza Marsh Reserve - Rumphi",3,1998,4.095,1.738,.95928,.07285,.62398,.14211,.44146,.14968,.84337,.17109,.17397,.05068,206.2452,.11262,.04817,.112,.04914,.1244,.0625,.05448,.0228,.1962,.06929,32,31,215,181,
4540231,Malawi,4540230,"Balaka Town",3,1998,21.032,3.0482,.393,.05539,.14654,.02869,.07405,.017448,.1751,.04044,.48655,.043936,5619.114,.41476,.08238,.45918,.10992,.84393,.36757,.1956,.037885,.52664,.05699,3178,3114,14298,13919,
4540232,Malawi,4540230,"TA Kalembo",3,1998,8.88073,.6549764,.7376906,.0341567,.3300345,.0263392,.1834463,.0191811,.4361031,.0403874,.3639806,.0178296,69159.9691312,.2233927,.0232861,.2376701,.0296416,.3457377,.0740194,.1083144,.011445,.3480615,.0257467,22969,22754,93752,93427,
4540233,Malawi,4540230,"TA Nsamala",3,1998,9.72682,.803783,.6822369,.0443763,.293687,.0311272,.1601385,.0215519,.3804727,.0469224,.3658439,.0145671,98957.0978712,.226453,.0193563,.2359661,.0235775,.3359679,.0813371,.1087364,.009199,.357074,.0229833,34410,33994,145048,144595,
4540235,Malawi,4540234,"Bangwe Ward",3,1998,9.5602,1.07673,.70648,.05137,.33099,.041534,.19173,.031523,.43916,.06083,.40577,.023295,25237.58504,.28066,.03429,.29637,.0391,.44479,.09226,.13391,.015711,.41694,.036637,8761,8518,35723,33909,
4540236,Malawi,4540234,"Blantyre Central Ward",3,1998,35.4231,7.66242,.19061,.05428,.06432,.023173,.03035,.012887,.07265,.03071,.46506,.027111,699.15748,.39154,.04927,.39259,.05285,.59432,.1308,.17791,.020861,.5366,.043437,925,913,3668,3665,
4540237,Malawi,4540234,"Blantyre East Ward",3,1998,25.2155,6.49821,.30293,.09252,.11208,.043616,.05619,.026014,.13489,.05974,.45006,.029745,1083.88354,.36748,.05294,.36818,.06059,.53737,.16054,.16808,.02316,.50937,.046335,368,366,3578,1644,
4540238,Malawi,4540234,"Blantyre West Ward",3,1998,15.179,1.80579,.59482,.03837,.27587,.032741,.15866,.025846,.36541,.04807,.52649,.036101,10979.18756,.48525,.0766,.54128,.08607,1.03626,.26238,.22692,.031798,.5694,.050157,4477,4402,18458,18393,
4540239,Malawi,4540234,"Chichiri Ward",3,1998,30.5476,6.05697,.23875,.06732,.08207,.02936,.03922,.01627,.09454,.03877,.47219,.032266,1362.785,.39805,.05992,.40854,.07035,.64276,.2012,.18261,.026223,.53169,.046844,1163,1137,5708,4672,
4540240,Malawi,4540234,"Chigumula Ward",3,1998,9.1397,1.07195,.75214,.04444,.37294,.038887,.22391,.030749,.50135,.05741,.43892,.030442,12787.88428,.33065,.04874,.37694,.06645,.71531,.23846,.16065,.023421,.45563,.041463,4030,3953,17002,16598,
4540241,Malawi,4540234,"Chilomoni Ward",3,1998,13.9289,1.62999,.53064,.05391,.22608,.033499,.12423,.022602,.28865,.04788,.43485,.02157,12323.05272,.3295,.03551,.34781,.0531,.60914,.38754,.15481,.017101,.47246,.032417,5131,5072,23223,23140,
4540242,Malawi,4540234,"Likhubula Ward",3,1998,10.1189,.93924,.71204,.04156,.33518,.036137,.19379,.027892,.44738,.05372,.44217,.026193,34865.75064,.33246,.04144,.39482,.06813,.85214,.3603,.16413,.021445,.44761,.034294,12632,12391,48966,48414,
4540243,Malawi,4540234,"Limbe Central Ward",3,1998,30.7863,8.86717,.17634,.09608,.0567,.037401,.02602,.019717,.06182,.04731,.40528,.027102,451.07772,.29185,.04164,.29618,.04557,.41634,.10204,.13635,.018511,.43942,.044928,583,566,2558,2558,
4540244,Malawi,4540234,"Limbe East Ward",3,1998,16.3788,1.95006,.55058,.0349,.24557,.024765,.13779,.018172,.32162,.03644,.51755,.032344,18048.0124,.46887,.06631,.51598,.07566,.9688,.22074,.21859,.028034,.56444,.045217,8388,8252,32780,32471,
4540245,Malawi,4540234,"Limbe West Ward",3,1998,32.4756,5.55853,.19587,.05242,.06553,.021535,.0308,.011591,.07362,.02772,.45636,.026831,2128.12755,.37089,.04852,.38001,.05303,.5947,.15862,.17077,.020678,.51465,.042779,1952,1920,10865,10865,
4540246,Malawi,4540234,"Mapanga Ward",3,1998,8.865,1.00882,.74065,.05336,.34125,.043076,.19398,.031862,.45442,.06553,.37906,.021313,12787.32225,.24311,.02888,.2633,.03844,.41105,.12247,.11816,.014245,.37084,.031571,4990,4907,17265,17188,
4540247,Malawi,4540234,"Michiru Ward",3,1998,9.4624,.93378,.72922,.03892,.34503,.032194,.19998,.024794,.46209,.04785,.42,.026141,20639.11366,.29964,.03895,.33594,.05108,.59375,.17368,.14584,.018773,.42579,.037024,7149,7048,28303,28165,
4540248,Malawi,4540234,"Misesa Ward",3,1998,7.7839,.71967,.79383,.04054,.38589,.037713,.22679,.029737,.52142,.0562,.36889,.021231,14997.83019,.2298,.02776,.24362,.03618,.35689,.10934,.11109,.013706,.35841,.030605,5135,5087,18893,18737,
4540249,Malawi,4540234,"Msamba Ward",3,1998,7.2859,1.75695,.81321,.10072,.40427,.097775,.24237,.078657,.54601,.1443,.33461,.028551,2125.73094,.19462,.03788,.19364,.03584,.24043,.05897,.09218,.016308,.32727,.054214,762,744,2614,2604,
4540250,Malawi,4540234,"Mzedi Ward",3,1998,8.0564,.89356,.78478,.04609,.38902,.041409,.23255,.032842,.52583,.06224,.39338,.026884,7201.92606,.26641,.0379,.30799,.05456,.70949,.36606,.13105,.018442,.39471,.040072,2107,2077,9177,9104,
4540251,Malawi,4540234,"Namiyango Ward",3,1998,9.3187,1.09025,.73629,.04889,.35172,.042308,.20569,.03251,.46989,.06308,.42126,.029406,9841.98843,.30464,.04606,.35955,.09079,.86181,.80808,.15015,.025236,.42855,.037778,3212,3122,13367,12910,
4540252,Malawi,4540234,"Nancholi Ward",3,1998,8.7597,1.17932,.75387,.05827,.35772,.048249,.20734,.036351,.47954,.07309,.3929,.026257,8199.09012,.26137,.03688,.28574,.04478,.44328,.10821,.1272,.017491,.38674,.039406,2740,2705,10876,10791,
4540253,Malawi,4540234,"Ndirande North Ward",3,1998,8.6814,.91018,.74266,.04774,.35208,.043232,.20484,.034163,.46998,.06468,.38408,.024133,14859.88394,.25073,.03414,.26297,.04014,.3909,.14003,.12002,.015834,.38465,.037773,5066,5008,20009,19650,
4540254,Malawi,4540234,"Ndirande South Ward",3,1998,10.9667,.8205,.65591,.03328,.29848,.025931,.16971,.019573,.3929,.03843,.43186,.023729,40428.98058,.31845,.03781,.34811,.05003,.59803,.16801,.15269,.018012,.44883,.03379,15281,15074,61638,61265,
4540255,Malawi,4540234,"Ndirande West Ward",3,1998,18.2454,2.71727,.51045,.04004,.22363,.028041,.12481,.020447,.28925,.04196,.52723,.046382,7041.65775,.49776,.10342,.59688,.24145,2.41716,5.39861,.23409,.051004,.58183,.057051,3300,3248,13795,13691,
4540256,Malawi,4540234,"Nkolokoti Ward",3,1998,7.9827,.84213,.78593,.04401,.38384,.040649,.2267,.032057,.51813,.06046,.38057,.021498,18628.89879,.24585,.02945,.26473,.03759,.42397,.15237,.11898,.014123,.37773,.033876,5941,5810,23703,23548,
4540257,Malawi,4540234,"Nyambadwe Ward",3,1998,22.2339,4.0409,.43872,.06573,.19208,.048341,.10708,.036007,.2492,.07261,.52632,.044641,3190.37184,.50915,.10934,.51747,.0964,.87338,.22832,.22697,.039916,.60177,.074675,1787,1751,7272,6985,
4540258,Malawi,4540234,"Soche East Ward",3,1998,36.0115,7.09467,.15396,.04404,.04924,.016589,.02247,.008501,.05331,.01999,.44411,.024582,2277.53028,.3509,.04183,.35926,.04676,.56316,.14935,.16205,.018212,.50043,.038906,2566,2546,14793,14541,
4540259,Malawi,4540234,"Soche West Ward",3,1998,17.4783,1.75966,.44052,.03559,.1785,.020796,.09529,.01401,.22353,.02991,.45649,.030275,14736.71556,.36664,.05271,.38277,.06317,.6231,.17519,.17032,.023689,.50521,.043816,7337,7234,33453,33428,
4540260,Malawi,4540234,"South Lunzu Ward",3,1998,9.093,1.0229,.73424,.04608,.34889,.036621,.20375,.027698,.4644,.05397,.40547,.028884,17890.49184,.28325,.04491,.32531,.09448,.84945,1.42183,.13825,.024426,.41472,.040381,5140,5071,24366,24165,
4540262,Malawi,4540261,"TA Chigaru",3,1998,13.27224,.8527279,.523102,.0285682,.1756188,.0143866,.0817147,.0086879,.1918881,.0219625,.3740062,.0223104,17389.479786,.2425292,.0297534,.2946296,.0508913,.5842832,.1960451,.1231773,.0164669,.3590306,.0268888,8249,8160,33243,33095,
4540263,Malawi,4540261,"TA Kapeni",3,1998,17.43408,2.706232,.4595401,.0337184,.1572629,.0165858,.0755523,.0101966,.1725088,.0228576,.4373497,.035075,33571.7020055,.3380077,.0578094,.407877,.0930542,.9260835,.5989924,.1670054,.0292873,.4540407,.0387117,17570,17254,73055,72410,
4540264,Malawi,4540261,"TA Kuntaja",3,1998,13.01873,1.261287,.5842147,.0360164,.2152266,.0227004,.1066392,.0148073,.2507315,.0353069,.4016032,.0289299,37404.3461675,.2853779,.0442638,.3395955,.0687881,.6869922,.3022045,.1417132,.0226229,.4033223,.034607,15678,15485,64025,63658,
4540265,Malawi,4540261,"TA Kunthembwe",3,1998,8.4419,1.02214,.77076,.06313,.32828,.0565,.1773,.04089,.41795,.09427,.33033,.021078,20581.60428,.1937,.026671,.20326,.02915,.30158,.07094,.09324,.012234,.3354,.04097,6810,6717,26703,26410,
4540266,Malawi,4540261,"TA Lundu",3,1998,12.06204,.706625,.5593006,.0343464,.1951432,.0191037,.0929194,.0121221,.2206172,.0290187,.3484332,.018633,11288.9233104,.2122207,.0237396,.2416293,.0359382,.4206336,.1267484,.105408,.0123594,.3327255,.0260494,5276,5235,20184,20150,
4540267,Malawi,4540261,"TA Machinjili",3,1998,14.8525,1.34938,.50109,.02846,.16731,.01472,.07807,.00909,.18138,.02187,.41875,.031151,10738.3587,.30206,.045887,.38151,.08074,.81144,.35406,.15433,.025253,.41093,.03291,5147,5109,21430,21378,
4540268,Malawi,4540261,"TA Makata",3,1998,11.4342,.51542,.58033,.02868,.19767,.01606,.09177,.01004,.22026,.02562,.3292,.016662,7924.98648,.18676,.018758,.21184,.02935,.35218,.09941,.09345,.010214,.30356,.0223,3384,3355,13656,13593,
4540269,Malawi,4540261,"TA Somba",3,1998,12.77526,.9339713,.565636,.0285189,.1980163,.0168541,.0949738,.0109535,.2228575,.0258864,.3875864,.0243392,31137.130528,.2608087,.0334045,.3215312,.0612191,.6634632,.2647687,.1327559,.0190602,.3778427,.0265777,12746,12586,55048,54637,
4540271,Malawi,4540270,"Chikwawa Boma",3,1998,15.1449,2.3678,.50158,.0776,.20753,.04619,.11252,.030583,.26049,.06644,.445,.03532,3748.80892,.34725,.05988,.37696,.07979,.65063,.26505,.16458,.028086,.4788,.05176,1648,1627,7474,6563,
4540272,Malawi,4540270,"Lengwe National Park",3,1998,9.5585,4.0345,.72733,.15061,.38694,.13195,.25126,.10821,.50045,.18754,.39603,.06069,221.10832,.35678,.09077,.34461,.09854,.46173,.17385,.16022,.040482,.51538,.09043,49,48,304,288,
4540273,Malawi,4540270,"Majete Game Reserve - Chikwawa",3,1998,28.6016,16.6721,.26525,.25191,.10514,.12637,.05601,.07933,.1222,.18317,.21853,.10089,15.64975,.29523,.16139,.29539,.16425,.37736,.24953,.13641,.070147,.39898,.14521,11,11,59,59,
4540274,Malawi,4540270,"Ngabu Urban",3,1998,18.4515,2.7958,.38309,.07258,.1441,.03768,.07357,.023407,.17231,.05216,.42497,.030865,2672.43584,.31846,.05067,.32969,.05643,.51039,.16011,.14893,.022253,.46239,.05115,1346,1322,6976,6765,
4540275,Malawi,4540270,"TA Chapananga",3,1998,11.58677,.8663328,.5729071,.0392622,.232155,.0272087,.1239917,.0199357,.2879087,.0400011,.3701327,.0247575,37234.9511503,.2391938,.0345297,.2375607,.0341009,.3197702,.0654251,.1118187,.0150827,.3893328,.043305,14806,14674,64993,64870,
4540276,Malawi,4540270,"TA Kasisi",3,1998,13.0748,.7928,.53189,.03168,.20525,.02135,.10563,.01527,.24945,.03229,.39636,.02605,13489.79418,.2738,.03839,.31732,.05467,.68467,.26623,.13454,.018701,.40721,.04176,6340,6280,25362,25199,
4540277,Malawi,4540270,"TA Katunga",3,1998,11.81,1.1891,.6174,.04619,.26713,.0322,.14852,.02405,.34099,.04683,.42651,.03246,10143.2646,.31706,.05165,.34818,.06474,.61307,.19871,.15178,.023935,.45473,.04998,3975,3939,16429,16251,
4540278,Malawi,4540270,"TA Lundu",3,1998,33.95996,14.02319,.4174673,.0454797,.1648335,.0284608,.0870838,.0192875,.2002938,.041343,.5946454,.070578,17746.9523903,.7104495,.2273412,.779181,.2092594,1.899212,.7689066,.3064313,.0747382,.6597074,.0894035,10157,9993,42511,42044,
4540279,Malawi,4540270,"TA Makhwira",3,1998,15.2088,1.8029,.45115,.0488,.17297,.0264,.08949,.01713,.20844,.03731,.39951,.03215,26627.7753,.27958,.0491,.2789,.05041,.38175,.0964,.12986,.021444,.4314,.05316,14055,13861,59022,58934,
4540280,Malawi,4540270,"TA Maseya",3,1998,12.8429,.9961,.55024,.03489,.21874,.0243,.11468,.01754,.26996,.0361,.40227,.02886,10573.41184,.28015,.04207,.30429,.05425,.52576,.22677,.13461,.019974,.41851,.04521,4442,4394,19216,19184,
4540281,Malawi,4540270,"TA Ngabu",3,1998,10.7034,.8222,.64178,.04361,.27853,.03351,.15615,.02499,.35288,.04977,.39858,.02474,73378.55808,.27988,.03695,.29847,.05472,.6099,.77315,.1327,.017499,.43368,.04133,22245,21879,114336,113733,
4540283,Malawi,4540282,"Chiradzulu Boma",3,1998,16.3186,3.4599,.46839,.10396,.185,.05602,.09725,.035271,.22867,.07914,.43565,.03655,1264.18461,.33415,.06013,.35919,.07902,.58335,.23863,.15847,.028304,.46525,.05357,579,577,2699,2435,
4540284,Malawi,4540282,"TA Chitera",3,1998,9.1943,.49869,.69641,.034386,.29006,.026248,.15413,.018619,.37166,.041453,.331,.014051,10995.61749,.18524,.015932,.18302,.01707,.21835,.02712,.0879,.007482,.31354,.021734,3944,3907,15789,15768,
4540285,Malawi,4540282,"TA Kadewere",3,1998,9.3369,.49443,.68977,.032638,.2903,.022189,.15583,.015196,.37216,.034035,.34101,.012135,42902.31446,.19677,.014072,.19505,.015451,.23687,.02608,.09325,.006638,.32856,.018519,15754,15606,62198,62091,
4540286,Malawi,4540282,"TA Likoswe",3,1998,9.3433,.60763,.68327,.035748,.28899,.025199,.15688,.017741,.36797,.038508,.34045,.01917,31790.50329,.1993,.02224,.19503,.025215,.23655,.0433,.09369,.010672,.33665,.026801,11160,10994,46527,46011,
4540287,Malawi,4540282,"TA Mpama",3,1998,9.169983,.6471939,.7061085,.0333749,.3109593,.0247214,.1729723,.0179492,.4033213,.0380406,.3523276,.0150404,33126.374169,.213763,.0193405,.2124898,.0227914,.2733765,.0556945,.1007062,.0091129,.3498075,.0221996,11675,11526,46914,46593,
4540288,Malawi,4540282,"TA Nchema",3,1998,9.3935,.48666,.69054,.029064,.29915,.021269,.16373,.015562,.38854,.032404,.35586,.012269,19018.85268,.2137,.015697,.2126,.015593,.26113,.02462,.10114,.007004,.34762,.020977,6862,6787,27542,27511,
4540289,Malawi,4540282,"TA Nkalo",3,1998,9.5116,.65599,.69779,.035175,.31119,.02751,.17387,.020363,.40764,.041727,.37934,.018599,23990.71799,.24365,.024216,.2529,.033024,.35002,.07973,.1165,.012334,.37722,.025053,8555,8487,34381,34362,
4540291,Malawi,4540290,"Liwonde National Park",3,1998,77.5681,73.3994,.05808,.13951,.0167,.046584,.00674,.020857,.01576,.052474,.24582,.052828,11.96448,.16451,.055515,.16948,.06435,.20693,.10256,.07993,.027437,.26598,.071286,43,30,206,151,
4540292,Malawi,4540290,"Liwonde Town",3,1998,16.1356,2.1791,.47928,.063,.19736,.03673,.1071,.024258,.24641,.05154,.45485,.033656,7525.17528,.36392,.05814,.38758,.0714,.66108,.21755,.17043,.026316,.49996,.04982,3721,3670,15701,15007,
4540293,Malawi,4540290,"Machinga Boma",3,1998,16.5415,4.8976,.47519,.14074,.19418,.08371,.10475,.055378,.2436,.12029,.43533,.041798,603.01611,.3413,.06977,.37748,.10705,.67691,.39061,.16303,.03483,.46932,.05441,293,289,1269,1269,
4540294,Malawi,4540290,"SC Chamba",3,1998,8.9543,.7812,.7322,.04287,.333,.030744,.1879,.021747,.4397,.046732,.37509,.018468,12100.3372,.23806,.024958,.25241,.0332,.36831,.10742,.11493,.012291,.36708,.02766,3876,3837,16526,16507,
4540295,Malawi,4540290,"SC Chikweo",3,1998,9.881302,1.014035,.6667236,.0600619,.2643706,.0393125,.1348761,.0258741,.3324171,.0600921,.3267467,.0152443,26074.2265488,.1798605,.0179443,.1840834,.0185459,.2353095,.0309945,.0866971,.0082353,.2976031,.0243051,9748,9630,39108,38929,
4540296,Malawi,4540290,"SC Chiwalo",3,1998,8.924703,1.113399,.7429834,.0605261,.3256561,.0449785,.1774275,.0313419,.429349,.0709138,.3324772,.0173354,8990.8421234,.1887623,.021022,.1958718,.0242769,.2660125,.0658194,.091153,.0099143,.307245,.0275351,2878,2841,12101,12095,
4540297,Malawi,4540290,"SC Mlomba",3,1998,8.540984,.6803999,.750215,.0378746,.3328516,.0288456,.1835276,.0205525,.4396796,.0437981,.3400299,.0134668,21039.779675,.1945023,.016398,.1996906,.0178573,.259556,.0347517,.0936362,.0076455,.3176689,.0215263,7073,6996,28045,27993,
4540298,Malawi,4540290,"SC Mposa",3,1998,9.1392,.6122,.71151,.03692,.30577,.027002,.16557,.018995,.39783,.041829,.34929,.015396,12561.70905,.20528,.019274,.21317,.02388,.29209,.07105,.09899,.009361,.33044,.023703,4551,4507,17655,17647,
4540299,Malawi,4540290,"SC Ngokwe",3,1998,10.3054,1.0993,.62749,.06936,.23665,.043079,.11701,.027384,.28843,.066124,.31707,.015277,12848.48524,.16858,.017248,.17114,.01718,.21256,.02665,.08125,.007857,.28503,.025346,5153,5075,20476,20476,
4540300,Malawi,4540290,"SC Sitola",3,1998,8.259666,.8075304,.7622447,.0455342,.3550685,.038493,.2036004,.0287819,.4722859,.0585134,.3588961,.0134552,24001.5611136,.2175331,.017367,.2225896,.0192793,.2926573,.038679,.1040286,.008085,.3478011,.0211925,7578,7496,31488,31488,
4540301,Malawi,4540290,"TA Kawinga",3,1998,8.93861,.6932214,.7282471,.0404643,.3113352,.030745,.1672959,.0218144,.4052537,.047554,.3362404,.0145288,61644.6605208,.1907711,.0177195,.1971003,.0194003,.2636678,.0428882,.0920124,.0082366,.3117752,.0231954,20570,20317,84648,84473,
4540302,Malawi,4540290,"TA Liwonde",3,1998,8.849213,.6759025,.7369152,.0367911,.3250696,.0275131,.1786503,.019501,.428314,.0423011,.3525756,.019018,47013.7159296,.2092429,.0236406,.2202728,.0305381,.3095642,.0760294,.1013572,.011815,.3325666,.0265576,15247,15138,63798,63675,
4540303,Malawi,4540290,"TA Nyambi",3,1998,8.3054,.5927,.75718,.03704,.33311,.029507,.18253,.021369,.43833,.045853,.33095,.013329,29221.84774,.18371,.01568,.18593,.01584,.23242,.02501,.08813,.007153,.30614,.02177,9407,9304,38593,38520,
4540305,Malawi,4540304,"Mangochi Town",3,1998,20.0414,2.814,.37346,.06591,.13675,.03223,.06844,.019148,.16151,.04423,.45341,.032531,9922.8322,.35767,.05645,.38896,.07235,.68608,.24957,.16935,.025877,.48792,.04891,5915,5782,26570,25340,
4540306,Malawi,4540304,"Monkey Bay Urban",3,1998,21.6531,4.2124,.31833,.08288,.11267,.03783,.05537,.021819,.13041,.05079,.42796,.036032,3421.72917,.32216,.05939,.33226,.06469,.50146,.15545,.15039,.025897,.46419,.05865,2386,2333,10749,10544,
4540307,Malawi,4540304,"SC Chowe",3,1998,7.889625,.5763007,.7896727,.0307731,.3786751,.0265525,.2206013,.0204669,.5097637,.0401039,.3568291,.0136705,65703.9273308,.2147551,.0177315,.2212891,.0190634,.2956472,.0368185,.1030155,.0081338,.3425466,.0222214,20878,20692,83204,83010,
4540308,Malawi,4540304,"SC Mbwana Nyambi",3,1998,8.1037,.4803,.77213,.03043,.34756,.025561,.19324,.019142,.46166,.039864,.33763,.012009,46092.30035,.19082,.014482,.19635,.01519,.2563,.02883,.09203,.006654,.31287,.019805,15009,14881,59695,59534,
4540309,Malawi,4540304,"SC Namabvi",3,1998,9.1924,.7524,.7155,.04689,.30474,.035865,.16349,.025386,.39629,.055579,.35071,.015239,16256.8755,.20716,.019441,.2285,.03459,.39905,.22559,.10201,.010625,.32633,.022149,5910,5832,22721,22538,
4540310,Malawi,4540304,"TA Chimwala",3,1998,9.145386,.5853164,.7159608,.0326705,.3126821,.0239816,.1714558,.0172146,.4085311,.036536,.356839,.0152974,62305.7726592,.2151362,.0196098,.2246586,.022407,.3154965,.0526329,.1036805,.0092152,.3425938,.0240536,21020,20746,87024,86808,
4540311,Malawi,4540304,"TA Jalasi",3,1998,8.408712,.8860461,.7824857,.038747,.3803079,.0352221,.2231343,.0273845,.5145632,.0529995,.362425,.0194268,45701.8597942,.2229562,.0253436,.23536,.0335476,.3452537,.1100078,.1076195,.0125772,.348494,.0276221,15358,15220,58406,58125,
4540312,Malawi,4540304,"TA Katuli",3,1998,8.6931,.6127,.73996,.03493,.33227,.02869,.18532,.021458,.43948,.043657,.35803,.01702,34856.55576,.21544,.021462,.22333,.02474,.30142,.05303,.10365,.010207,.34296,.025756,12540,12399,47106,46947,
4540313,Malawi,4540304,"TA Makanjila",3,1998,10.57134,1.348541,.6377617,.0710759,.2512227,.0461111,.1280845,.0302196,.3143603,.0700922,.3418403,.0162198,30560.9029023,.1971535,.019974,.2071075,.0230001,.2884719,.0584591,.0956241,.0094288,.3170421,.0257075,12298,12182,47919,47843,
4540314,Malawi,4540304,"TA Mponda",3,1998,9.571414,.7203712,.7179932,.0303009,.3309914,.0233864,.1890793,.0175668,.4380212,.0348695,.3990996,.0225136,62771.2735032,.2710396,.0326262,.2992348,.0497934,.5124159,.1964796,.1317455,.0168402,.3991991,.0305167,20754,20486,87426,87035,
4540315,Malawi,4540304,"TA Nankumba",3,1998,11.3069,.8045,.58547,.04479,.21405,.024752,.1037,.015227,.25641,.037453,.33873,.018696,46497.44193,.19243,.0219,.20438,.02577,.29235,.06572,.09392,.010583,.31087,.027766,19248,19003,79419,78846,
4540317,Malawi,4540316,"Mulanje Boma",3,1998,18.5141,2.4258,.41081,.06072,.15668,.03158,.08087,.019544,.18831,.04367,.4542,.034367,5154.84388,.36154,.05911,.39228,.07923,.68425,.26233,.17076,.027728,.49419,.04987,2885,2817,12548,11570,
4540318,Malawi,4540316,"Mulanje Mountain Reserve",3,1998,8.6553,2.60609,.74682,.18231,.31753,.11555,.17217,.08303,.39682,.20026,.12367,.079803,43.31556,.1489,.09131,.13988,.08721,.15173,.11877,.06911,.04006,.24905,.12025,11,11,58,22,
4540319,Malawi,4540316,"SC Juma",3,1998,9.06833,.4827291,.7461185,.0261221,.3273938,.0198654,.1806218,.0144301,.4257948,.0316516,.3742687,.0166602,45667.6750295,.2451521,.0229817,.2961291,.0440282,.7872518,.429259,.1228408,.01272,.3765649,.0237255,15582,15431,61207,60883,
4540320,Malawi,4540316,"SC Laston Njema",3,1998,15.65141,1.752113,.4958249,.0518233,.1827298,.025748,.0917139,.0151909,.2139666,.035543,.4489892,.0313072,24880.9893069,.3532519,.0515088,.4724009,.1027954,1.595635,.8678299,.1799337,.0283988,.4670375,.0364668,13040,12914,50181,50066,
4540321,Malawi,4540316,"TA Chikumbu",3,1998,13.8795,1.27031,.55937,.04182,.22483,.0239,.12012,.01531,.2747,.03463,.45372,.028912,33822.86642,.36307,.04755,.46699,.09538,1.592,.95175,.18117,.026091,.49054,.03335,13535,13362,60466,60051,
4540322,Malawi,4540316,"TA Mabuka",3,1998,16.00079,1.67616,.5104659,.0464612,.1951699,.0244463,.1007079,.0148999,.2325443,.0346903,.4778447,.0345627,67952.1996762,.402267,.0604553,.5530605,.1196145,2.129884,1.0474,.2043693,.0324937,.5063918,.0389228,30919,30587,133118,132661,
4540323,Malawi,4540316,"TA Nkanda",3,1998,9.5991,.54119,.73298,.02378,.32457,.01876,.18086,.013981,.42123,.02922,.40822,.021702,55747.52688,.29259,.03261,.38593,.07516,1.53846,1.08907,.14938,.01919,.41953,.02722,19420,19258,76056,75974,
4540324,Malawi,4540316,"TA Nthiramanja",3,1998,9.6778,.57798,.72041,.02461,.32592,.01951,.18553,.014885,.42354,.03005,.41424,.023887,24989.58208,.30293,.037,.37726,.0958,1.34076,1.44539,.15068,.022484,.44359,.03048,8581,8503,34688,34608,
4540326,Malawi,4540325,"Majete Game Reserve - Mwanza",3,1998,7.287,1.8617,.8394,.10116,.41434,.10347,.24358,.08595,.56265,.17617,.24951,.073054,98.2098,.20362,.098656,.20662,.10755,.26893,.1811,.09622,.045055,.32642,.1231,25,25,117,117,
4540327,Malawi,4540325,"Mwanza Boma",3,1998,21.9,4.5635,.40275,.06439,.15494,.03523,.07998,.022121,.188,.04995,.50176,.050389,3298.11975,.44649,.09912,.48292,.12083,.8426,.33686,.20729,.043557,.55047,.06692,1837,1779,8189,7473,
4540328,Malawi,4540325,"TA Dambe",3,1998,6.5473,1.14507,.87098,.04474,.46446,.07569,.28949,.07058,.63825,.10862,.37096,.031769,16776.81676,.24396,.044125,.26886,.06447,.48494,.33892,.1183,.021873,.39066,.05235,4214,3900,19262,18110,
4540329,Malawi,4540325,"TA Kanduku",3,1998,10.3187,.52583,.66665,.02734,.27346,.0259,.14602,.0203,.3402,.04356,.37718,.022524,15822.93775,.24997,.031451,.27673,.039,.4747,.11686,.12157,.014774,.39453,.04009,5496,5439,23735,23588,
4540330,Malawi,4540325,"TA Mlauli",3,1998,9.8933,.52337,.69024,.03258,.26936,.02488,.13665,.01732,.32791,.04265,.34627,.018303,11839.68672,.20805,.022631,.23384,.03033,.40184,.10354,.10297,.011223,.33709,.03077,4174,4110,17153,17071,
4540331,Malawi,4540325,"TA Ngozi",3,1998,7.489975,1.228453,.8269334,.0626,.3924458,.0702097,.2254838,.0564072,.5292756,.1155075,.3330073,.0239471,10860.1163422,.1965042,.029724,.2062161,.0320873,.2945389,.0619959,.0947426,.0136989,.3344444,.0435846,3049,3023,13133,12967,
4540332,Malawi,4540325,"TA Nthache",3,1998,8.9413,.69497,.74757,.03463,.32883,.04123,.18226,.03423,.4249,.06717,.37164,.026517,23395.95072,.24333,.03661,.27182,.0451,.49068,.14895,.11874,.017117,.38724,.04637,7397,7241,31296,30930,
4540333,Malawi,4540325,"TA Symon",3,1998,13.2134,.9275181,.5282535,.0304198,.1784395,.0148869,.0833279,.0088484,.1953987,.0220914,.3699845,.022579,13275.010455,.236758,.0291955,.2826518,.0484878,.5508354,.2297068,.1195344,.0158361,.3576859,.0295576,5985,5927,25130,25048,
4540335,Malawi,4540334,"Mwabvi Game Reserve",3,1998,3.3964,.7789,.98725,.01501,.6792,.07102,.50004,.08421,.90628,.07,.31006,.02442,3992.439,.17086,.02741,.16212,.02684,.18397,.0394,.07963,.012375,.30472,.04063,784,717,4044,3787,
4540336,Malawi,4540334,"Nsanje Boma",3,1998,16.6721,2.9496,.43276,.0963,.16712,.0514,.08665,.032224,.20251,.07114,.42253,.027195,7351.29412,.31009,.04367,.32464,.04893,.49949,.12417,.14618,.019429,.4511,.04529,3649,3599,16987,16424,
4540337,Malawi,4540334,"SC Makoka",3,1998,10.6891,1.1781,.61143,.0671,.26801,.04385,.15116,.03177,.34296,.0632,.3724,.02886,3079.77291,.24658,.04212,.2339,.03788,.28116,.05474,.11303,.017682,.40042,.0529,1024,1016,5037,5006,
4540338,Malawi,4540334,"SC Mbenje",3,1998,12.25587,1.04651,.5916871,.041625,.2442524,.0294745,.1308754,.0212867,.3076431,.0441324,.4074525,.029536,20267.6499234,.2890208,.0441566,.3240653,.0640431,.6111196,.2643775,.1401585,.0219011,.4222502,.0434557,7508,7436,34254,34022,
4540339,Malawi,4540334,"TA Chimombo",3,1998,19.7134,2.727,.24509,.06105,.07427,.02272,.03328,.01171,.07524,.02735,.34088,.02253,2167.57596,.20241,.0282,.20128,.02924,.25933,.05947,.09551,.012743,.34285,.04018,1947,1930,8844,8754,
4540340,Malawi,4540334,"TA Malemia",3,1998,11.37,.6338,.59222,.031,.22879,.02315,.11627,.01687,.28168,.03613,.36198,.02489,9480.84998,.22434,.03266,.24278,.04235,.38215,.13144,.10919,.015955,.3521,.03856,3340,3287,16009,15891,
4540341,Malawi,4540334,"TA Mlolo",3,1998,14.14758,1.198019,.5041319,.0359377,.1934783,.0213466,.0994843,.0146945,.2337657,.031755,.4123458,.0312961,24028.4387497,.2968027,.0473724,.3469141,.0706602,.8354175,.4316896,.1454135,.0233296,.4289044,.0471069,11098,10936,47663,47204,
4540342,Malawi,4540334,"TA Ndamera",3,1998,16.961,1.9729,.36324,.05008,.12294,.02187,.05823,.01251,.13699,.02919,.37328,.02423,8554.302,.24189,.03349,.2496,.03627,.36538,.0854,.11482,.015109,.38512,.04155,5298,5226,23550,23477,
4540343,Malawi,4540334,"TA Ngabu",3,1998,14.9643,1.3094,.43412,.03714,.15763,.01814,.07849,.01155,.18474,.02646,.37834,.02799,3947.88728,.24946,.03988,.25361,.0411,.35128,.07983,.11763,.017643,.3933,.05053,2109,2102,9094,9064,
4540344,Malawi,4540334,"TA Nyachikadza",3,1998,16.6215,3.7856,.32663,.13355,.10503,.05503,.04901,.02957,.11137,.07058,.31582,.02466,1426.06658,.17662,.02898,.16947,.02701,.19808,.03721,.08248,.012688,.31875,.04935,1003,990,4366,4366,
4540345,Malawi,4540334,"TA Tengani",3,1998,13.9301,1.2207,.48805,.04676,.18694,.0274,.09645,.0182,.22482,.04009,.39281,.02573,12238.3418,.26908,.03789,.28585,.04549,.46123,.13239,.12833,.017527,.41306,.04298,5731,5660,25076,25004,
4540347,Malawi,4540346,"Phalombe Boma",3,1998,19.4277,3.8123,.3784,.09853,.14173,.05198,.07175,.032023,.16996,.0732,.43855,.033394,975.5152,.33893,.05622,.36285,.06747,.5884,.20436,.16034,.02523,.47081,.05231,620,599,2578,2542,
4540348,Malawi,4540346,"TA Mkhumba",3,1998,7.661301,.5434786,.8106202,.021668,.4225931,.0286677,.2635749,.0265175,.567436,.0395677,.4203188,.021482,123951.1241618,.3087413,.0332765,.3635697,.0539039,1.006879,.562471,.150975,.0165108,.4478585,.0316431,38845,38402,152909,151473,
4540349,Malawi,4540346,"TA Nazombe",3,1998,9.6449,.56861,.73407,.01956,.35107,.01994,.20732,.017836,.46427,.02907,.44617,.024054,56158.55721,.34836,.04,.4451,.07623,1.62392,1.23026,.17396,.020843,.47312,.03396,19827,19631,76503,76192,
4540351,Malawi,4540350,"Luchenza Town",3,1998,17.1241,2.5006,.47118,.06736,.19221,.03889,.1034,.025478,.23811,.05512,.47164,.036011,4166.17356,.39102,.06373,.4272,.08464,.76731,.29266,.18413,.029559,.51584,.05064,2149,2121,8842,8744,
4540352,Malawi,4540350,"SC Kwethemule",3,1998,8.879976,.9608398,.748264,.0460977,.3433304,.0338468,.1947274,.0248337,.4555838,.052133,.3715423,.024499,27697.740224,.2363865,.0334314,.2528091,.0372038,.3800583,.084684,.1143006,.0153048,.3675329,.0388889,9391,9289,37016,36803,
4540353,Malawi,4540350,"SC Mbawela",3,1998,5.7686,.6653,.90686,.03178,.49232,.04859,.30671,.044007,.68753,.06964,.32731,.015702,28177.95392,.17908,.01789,.19105,.01886,.26669,.03668,.08788,.008244,.2936,.026511,6811,6760,31072,30990,
4540354,Malawi,4540350,"SC Mphuka",3,1998,7.0642,.89102,.83463,.04725,.41706,.05359,.24781,.045098,.57248,.07904,.34927,.019078,30064.20723,.20467,.02361,.21707,.02491,.30604,.04856,.09959,.010797,.32807,.032151,9207,9046,36021,35889,
4540355,Malawi,4540350,"SC Thukuta",3,1998,6.3687,1.05639,.87831,.05945,.44544,.07127,.26442,.059298,.62046,.10891,.30883,.017763,10338.58701,.15833,.01939,.16643,.02096,.21887,.04205,.07768,.009119,.26422,.028449,2836,2810,11771,11744,
4540356,Malawi,4540350,"TA Bvumbwe",3,1998,11.30524,2.646497,.608502,.127554,.2515506,.0815575,.1354504,.0546839,.3157409,.1202314,.3677678,.0215097,44203.410786,.2349125,.0302916,.2464512,.0316487,.3685457,.0733664,.1123839,.0133413,.3740427,.040347,17839,17650,72643,72320,
4540357,Malawi,4540350,"TA Changata",3,1998,8.3628,1.24723,.76066,.0719,.35443,.05707,.20312,.043399,.4725,.08688,.3597,.033948,21268.0536,.22138,.04703,.23164,.04577,.33001,.08375,.10643,.020412,.34902,.05754,6522,6477,27960,27940,
4540358,Malawi,4540350,"TA Chimaliro",3,1998,10.9468,3.09745,.63308,.1418,.27612,.09566,.15406,.066316,.35426,.14017,.37704,.027382,52723.53548,.24629,.04045,.25678,.03971,.37977,.07904,.11732,.017357,.38687,.053212,20317,20106,83281,82890,
4540359,Malawi,4540350,"TA Kapichi",3,1998,7.8103,.75699,.79214,.0437,.37698,.03917,.21889,.030492,.50639,.05927,.35805,.017761,31402.01388,.21841,.02308,.22771,.02317,.31902,.0457,.105,.010198,.3513,.031817,9286,9196,39642,39240,
4540360,Malawi,4540350,"TA Nchilamwela",3,1998,11.568,1.83644,.61159,.08751,.25589,.05882,.13888,.041052,.32273,.08712,.3979,.04299,31917.04733,.27605,.07006,.30097,.10058,.50271,.33459,.13273,.034089,.41138,.066966,14350,14187,52187,52096,
4540361,Malawi,4540350,"TA Nsabwe",3,1998,6.416083,1.364984,.8714163,.0736731,.4524463,.0882771,.2748259,.074777,.6263315,.1312259,.3152702,.0178682,24763.0369971,.1677314,.0206065,.1727882,.0204209,.2226685,.0352971,.0812547,.009268,.2825949,.0316091,6177,6107,28417,28216,
4540362,Malawi,4540350,"TA Thomas",3,1998,8.2811,1.35925,.7672,.07763,.34802,.06569,.19382,.047987,.46651,.10406,.34034,.020745,19034.9992,.19447,.02565,.20669,.03031,.30102,.1084,.09485,.012166,.31377,.034144,6152,6059,24811,24582,
4540363,Malawi,4540350,"Thyolo Boma",3,1998,20.1868,3.7164,.39156,.08808,.14599,.04424,.07384,.026599,.17415,.0614,.46721,.040832,2080.35828,.38276,.07283,.4234,.09864,.74711,.32174,.18177,.034118,.5021,.05791,1098,1086,5313,4588,
4540365,Malawi,4540364,"Chambo Ward",3,1998,11.779,1.88318,.58247,.081,.23669,.044075,.12417,.02809,.30089,.06526,.37021,.029665,2510.4457,.23689,.043871,.23686,.039618,.30062,.05919,.11167,.018398,.37116,.053543,757,752,4310,3726,
4540366,Malawi,4540364,"Chikamveka North Ward",3,1998,7.2643,.6338,.82079,.03547,.40583,.033716,.24093,.027161,.55013,.05167,.35494,.023597,7264.81229,.21386,.029318,.21917,.033163,.28732,.06602,.10238,.013873,.34344,.035084,2211,2191,8851,8851,
4540367,Malawi,4540364,"Chikamveka Ward",3,1998,14.853,2.75541,.45552,.09697,.17198,.051761,.08841,.032162,.20391,.07445,.37849,.028106,1157.93184,.255,.039668,.24918,.0421,.31505,.07547,.11818,.017877,.40869,.045537,605,602,2542,2541,
4540368,Malawi,4540364,"Chirunga East Ward",3,1998,9.0723,1.27213,.73971,.0555,.35673,.045415,.21019,.035084,.47476,.06944,.4068,.03917,3198.50604,.28565,.057731,.29815,.063531,.4189,.11575,.13569,.026261,.4171,.054725,1046,1034,4324,4324,
4540369,Malawi,4540364,"Chirunga Ward",3,1998,13.3314,2.70659,.55062,.10272,.22702,.06529,.12168,.044556,.28667,.09669,.40642,.031301,876.03642,.28919,.046194,.2974,.051901,.40702,.09917,.13655,.021181,.42326,.04637,368,360,1591,1583,
4540370,Malawi,4540364,"Likangala Central Ward",3,1998,7.3669,.8028,.81267,.04392,.40613,.037748,.24346,.030575,.55017,.057,.36283,.029544,3918.69474,.22573,.039763,.23105,.044497,.30704,.09043,.10764,.018434,.35752,.044369,1136,1120,4822,4796,
4540371,Malawi,4540364,"Likangala South Ward",3,1998,5.2833,.81263,.92426,.04367,.52098,.06072,.33581,.055198,.71733,.09178,.31057,.025254,853.09198,.17214,.027952,.16866,.027913,.19591,.03906,.08164,.012808,.29319,.038431,249,249,923,923,
4540372,Malawi,4540364,"Likangala Ward",3,1998,7.3483,.73799,.81787,.04426,.3912,.039316,.22598,.030269,.52868,.06123,.33591,.020415,7831.10525,.19044,.024026,.19291,.025326,.24008,.03993,.09126,.011163,.31491,.032093,2659,2617,9575,9524,
4540373,Malawi,4540364,"Masongola Ward",3,1998,13.7347,3.4832,.50055,.12773,.18987,.069367,.09563,.043168,.22818,.10076,.3612,.027723,866.9526,.23156,.036334,.23537,.040462,.30709,.07928,.11004,.01687,.36479,.044311,396,292,1732,1710,
4540374,Malawi,4540364,"Mbedza Ward",3,1998,8.6396,1.29376,.75193,.06719,.3633,.053282,.21464,.039976,.48369,.08159,.38927,.035645,2440.76478,.26435,.052394,.27339,.058596,.38419,.11913,.12538,.023882,.40074,.054929,770,757,3246,3137,
4540375,Malawi,4540364,"Mtiya Ward",3,1998,10.8137,1.60028,.61665,.0755,.26587,.044957,.14687,.030075,.34058,.06637,.3717,.025709,6275.0304,.24058,.038922,.23171,.033456,.27907,.04605,.11136,.015957,.38729,.051573,1705,1681,10176,8066,
4540376,Malawi,4540364,"Sadzi Ward",3,1998,8.6174,.83109,.74287,.04717,.33698,.038082,.19011,.027954,.44313,.05967,.35691,.021213,4250.70214,.21842,.027499,.22005,.028517,.28016,.04802,.10366,.012462,.35392,.034662,1413,1392,5722,5525,
4540377,Malawi,4540364,"Zakazaka Ward",3,1998,11.0584,2.01491,.6017,.11322,.23944,.070702,.12443,.046409,.2981,.10388,.34557,.021368,3259.4089,.20441,.026848,.20573,.027877,.25832,.04571,.0973,.012224,.33532,.036134,1144,1126,5417,5404,
4540378,Malawi,4540364,"Zomba Central Ward",3,1998,13.7889,2.81849,.47821,.11586,.17808,.06095,.09003,.037233,.21126,.0851,.3531,.023695,1283.51564,.22043,.031206,.21398,.030871,.25845,.04729,.10276,.013823,.3663,.043089,485,483,2684,2603,
4540380,Malawi,4540379,"SC Mbiza",3,1998,10.16812,1.381363,.7072053,.0629547,.3354247,.057094,.1981123,.0453108,.4393422,.0825282,.4460995,.0367924,77062.0399251,.3486683,.0602067,.4436193,.1047939,1.504568,.9263061,.1738969,.0307525,.465154,.0462822,28112,27835,108967,108519,
4540381,Malawi,4540379,"SC Mkumbira",3,1998,8.6796,9.2822,.80872,.22683,.56769,.25058,.45118,.24555,.68521,.28289,.56783,.09879,4103.44528,.64208,.27291,.78864,.4401,3.23136,5.44783,.28883,.10763,.6446,.13233,1269,1192,5074,4698,
4540382,Malawi,4540379,"TA Chikowi",3,1998,12.99169,1.773726,.5681684,.0617826,.2247999,.0326633,.1174855,.0211521,.2768489,.0469454,.4181988,.0397745,25936.88746,.3085088,.0626957,.4004125,.1027164,1.499793,1.499817,.155969,.0302877,.4265751,.0613177,11329,11174,45650,45378,
4540383,Malawi,4540379,"TA Kuntumanji",3,1998,11.2624,1.1699,.6482,.05029,.28733,.03992,.1627,.03106,.36916,.05735,.43648,.03095,39589.4632,.33357,.05105,.41087,.07833,1.19696,.6332,.16519,.02454,.45697,.04696,14928,14779,61076,60855,
4540384,Malawi,4540379,"TA Malemia",3,1998,13.62444,2.026235,.5545122,.0789534,.2155869,.042347,.1112424,.0260751,.2631621,.0601527,.4258634,.0336659,26389.235598,.3173859,.0526669,.4037694,.0955491,1.207295,.8537502,.1600191,.0278059,.432359,.0439577,11257,11105,47590,46995,
4540385,Malawi,4540379,"TA Mlumbe",3,1998,10.86329,1.045167,.662568,.0455764,.3083388,.0368286,.1824453,.031176,.3954573,.0515618,.4471104,.0341035,77045.394744,.3587262,.0613917,.4346669,.085309,1.428143,.9191778,.1743047,.0272048,.4916049,.0594009,29152,28739,116283,115441,
4540386,Malawi,4540379,"TA Mwambo",3,1998,10.62626,1.822193,.7036552,.0619598,.3585385,.0619893,.2241247,.0529044,.469887,.0842218,.493919,.0420564,67625.4866512,.4334955,.0813217,.5438582,.1244775,2.034736,1.468922,.2105204,.0369281,.5356112,.0554061,24378,24113,96106,95464,
